_step,eval/c4_en-validation/CrossEntropyLoss,eval/dolma_books-validation/CrossEntropyLoss,eval/dolma_common-crawl-validation/CrossEntropyLoss,eval/dolma_pes2o-validation/CrossEntropyLoss,eval/dolma_reddit-validation/CrossEntropyLoss,eval/dolma_stack-validation/CrossEntropyLoss,eval/dolma_wiki-validation/CrossEntropyLoss,eval/ice-validation/CrossEntropyLoss,eval/m2d2_s2orc-validation/CrossEntropyLoss,eval/pile-validation/CrossEntropyLoss,eval/wikitext_103-validation/CrossEntropyLoss,eval/downstream_bpb/mmlu_stem_val_rc_5shot_bpb,eval/downstream_bpb/mmlu_humanities_val_rc_5shot_bpb,eval/downstream_bpb/mmlu_social_sciences_val_rc_5shot_bpb,eval/downstream_bpb/mmlu_other_val_rc_5shot_bpb,eval/downstream_bpb/mmlu_stem_test_rc_5shot_bpb,eval/downstream_bpb/mmlu_humanities_test_rc_5shot_bpb,eval/downstream_bpb/mmlu_social_sciences_test_rc_5shot_bpb,eval/downstream_bpb/mmlu_other_test_rc_5shot_bpb,eval/downstream_bpb/hellaswag_val_rc_5shot_bpb,eval/downstream_bpb/arc_easy_val_rc_5shot_bpb,eval/downstream_bpb/arc_easy_test_rc_5shot_bpb,eval/downstream_bpb/arc_challenge_val_rc_5shot_bpb,eval/downstream_bpb/arc_challenge_test_rc_5shot_bpb,eval/downstream_bpb/boolq_val_rc_5shot_bpb,eval/downstream_bpb/csqa_val_rc_5shot_bpb,eval/downstream_bpb/openbookqa_val_rc_5shot_bpb,eval/downstream_bpb/openbookqa_test_rc_5shot_bpb,eval/downstream_bpb/piqa_val_rc_5shot_bpb,eval/downstream_bpb/socialiqa_val_rc_5shot_bpb,eval/downstream_bpb/winogrande_val_rc_5shot_bpb,eval/downstream/mmlu_stem_val_rc_5shot_len_norm,eval/downstream/mmlu_humanities_val_rc_5shot_len_norm,eval/downstream/mmlu_social_sciences_val_rc_5shot_len_norm,eval/downstream/mmlu_other_val_rc_5shot_len_norm,eval/downstream/mmlu_stem_test_rc_5shot_len_norm,eval/downstream/mmlu_humanities_test_rc_5shot_len_norm,eval/downstream/mmlu_social_sciences_test_rc_5shot_len_norm,eval/downstream/mmlu_other_test_rc_5shot_len_norm,eval/downstream/hellaswag_val_rc_5shot_len_norm,eval/downstream/arc_easy_val_rc_5shot_len_norm,eval/downstream/arc_easy_test_rc_5shot_len_norm,eval/downstream/arc_challenge_val_rc_5shot_len_norm,eval/downstream/arc_challenge_test_rc_5shot_len_norm,eval/downstream/boolq_val_rc_5shot_acc,eval/downstream/csqa_val_rc_5shot_len_norm,eval/downstream/openbookqa_val_rc_5shot_len_norm,eval/downstream/openbookqa_test_rc_5shot_len_norm,eval/downstream/piqa_val_rc_5shot_len_norm,eval/downstream/socialiqa_val_rc_5shot_len_norm,eval/downstream/winogrande_val_rc_5shot_len_norm,eval/downstream_soft/mmlu_stem_val_rc_5shot_soft,eval/downstream_soft/mmlu_humanities_val_rc_5shot_soft,eval/downstream_soft/mmlu_social_sciences_val_rc_5shot_soft,eval/downstream_soft/mmlu_other_val_rc_5shot_soft,eval/downstream_soft/mmlu_stem_test_rc_5shot_soft,eval/downstream_soft/mmlu_humanities_test_rc_5shot_soft,eval/downstream_soft/mmlu_social_sciences_test_rc_5shot_soft,eval/downstream_soft/mmlu_other_test_rc_5shot_soft,eval/downstream_soft/hellaswag_val_rc_5shot_soft,eval/downstream_soft/arc_easy_val_rc_5shot_soft,eval/downstream_soft/arc_easy_test_rc_5shot_soft,eval/downstream_soft/arc_challenge_val_rc_5shot_soft,eval/downstream_soft/arc_challenge_test_rc_5shot_soft,eval/downstream_soft/boolq_val_rc_5shot_soft,eval/downstream_soft/csqa_val_rc_5shot_soft,eval/downstream_soft/openbookqa_val_rc_5shot_soft,eval/downstream_soft/openbookqa_test_rc_5shot_soft,eval/downstream_soft/piqa_val_rc_5shot_soft,eval/downstream_soft/socialiqa_val_rc_5shot_soft,eval/downstream_soft/winogrande_val_rc_5shot_soft,eval/downstream_soft_log/mmlu_stem_val_rc_5shot_soft_log,eval/downstream_soft_log/mmlu_humanities_val_rc_5shot_soft_log,eval/downstream_soft_log/mmlu_social_sciences_val_rc_5shot_soft_log,eval/downstream_soft_log/mmlu_other_val_rc_5shot_soft_log,eval/downstream_soft_log/mmlu_stem_test_rc_5shot_soft_log,eval/downstream_soft_log/mmlu_humanities_test_rc_5shot_soft_log,eval/downstream_soft_log/mmlu_social_sciences_test_rc_5shot_soft_log,eval/downstream_soft_log/mmlu_other_test_rc_5shot_soft_log,eval/downstream_soft_log/hellaswag_val_rc_5shot_soft_log,eval/downstream_soft_log/arc_easy_val_rc_5shot_soft_log,eval/downstream_soft_log/arc_easy_test_rc_5shot_soft_log,eval/downstream_soft_log/arc_challenge_val_rc_5shot_soft_log,eval/downstream_soft_log/arc_challenge_test_rc_5shot_soft_log,eval/downstream_soft_log/boolq_val_rc_5shot_soft_log,eval/downstream_soft_log/csqa_val_rc_5shot_soft_log,eval/downstream_soft_log/openbookqa_val_rc_5shot_soft_log,eval/downstream_soft_log/openbookqa_test_rc_5shot_soft_log,eval/downstream_soft_log/piqa_val_rc_5shot_soft_log,eval/downstream_soft_log/socialiqa_val_rc_5shot_soft_log,eval/downstream_soft_log/winogrande_val_rc_5shot_soft_log,throughput/total_tokens,throughput/total_training_Gflops,optim/learning_rate_group0,learning_rate_peak,batch_size_in_tokens
85000,3.248304843902588,3.2507131099700928,3.3529789447784424,2.557915449142456,3.4611546993255615,1.755246639251709,2.8453211784362793,3.3919830322265625,3.472140312194824,2.6133859157562256,2.922469139099121,1.9738062620162964,0.8819189071655273,0.9834535121917725,1.3208544254302979,1.9415760040283203,0.8504693508148193,1.0355579853057861,1.2732689380645752,0.8653327822685242,0.8705461621284485,0.8833811283111572,1.0301198959350586,1.1341078281402588,0.5027339458465576,1.280832052230835,1.5430938005447388,1.5632421970367432,1.1336158514022827,1.240144968032837,1.6701453924179077,0.28037384152412415,0.24517375230789185,0.3323442041873932,0.3380281627178192,0.26607024669647217,0.27290117740631104,0.3217419683933258,0.3254164159297943,0.4376618266105652,0.5175438523292542,0.5791245698928833,0.28093644976615906,0.286689430475235,0.538226306438446,0.4987714886665344,0.3240000009536743,0.3199999928474426,0.6800870299339294,0.46366429328918457,0.5106551051139832,0.2579536437988281,0.2518211603164673,0.25578373670578003,0.26765668392181396,0.25339436531066895,0.2531900703907013,0.25919321179389954,0.2675129473209381,0.2652243375778198,0.2897631525993347,0.29678866267204285,0.25573068857192993,0.2553633749485016,0.5148465633392334,0.27428847551345825,0.26141783595085144,0.26348811388015747,0.5097990036010742,0.3630203604698181,0.500515341758728,-1.417948842048645,-1.4022173881530762,-1.3891035318374634,-1.3561214208602905,-1.4452301263809204,-1.3907592296600342,-1.3779425621032715,-1.3581535816192627,-1.333325982093811,-1.2577012777328491,-1.238300085067749,-1.3769980669021606,-1.3874472379684448,-0.7148222327232361,-1.3606727123260498,-1.3997136354446411,-1.3947497606277466,-0.6775705218315125,-1.0506914854049683,-0.6946553587913513,66846720000,230214952739.14368,0.0007766928226681945,0.0007785480791584576,786432
86000,3.235041856765747,3.232830762863159,3.3430685997009277,2.545802593231201,3.452862501144409,1.7381484508514404,2.8326058387756348,3.385761022567749,3.4581010341644287,2.5989255905151367,2.9155006408691406,2.023432970046997,0.8698428869247437,0.9901880025863647,1.3364711999893188,1.9692836999893188,0.8325846195220947,1.0371644496917725,1.285072922706604,0.8650200366973877,0.9086762070655823,0.9146310687065125,1.03388249874115,1.1387819051742554,0.48596101999282837,1.2549456357955933,1.5465039014816284,1.563535213470459,1.1363160610198975,1.2179503440856934,1.6301532983779907,0.24610592424869537,0.2760617733001709,0.2967359125614166,0.3464788794517517,0.2654075622558594,0.27247607707977295,0.31751707196235657,0.329734742641449,0.43606850504875183,0.5228070020675659,0.5770202279090881,0.24749164283275604,0.2815699577331543,0.6250764727592468,0.4848484992980957,0.3199999928474426,0.30399999022483826,0.6822633147239685,0.45445239543914795,0.5398579239845276,0.2557229697704315,0.25176846981048584,0.2548661231994629,0.26841312646865845,0.25284987688064575,0.2532788813114166,0.25922998785972595,0.2667120397090912,0.26540201902389526,0.28920066356658936,0.2957771122455597,0.2549254894256592,0.2550266981124878,0.5667913556098938,0.2729913890361786,0.26072221994400024,0.26405876874923706,0.51015305519104,0.3629192113876343,0.501407265663147,-1.4232488870620728,-1.4035004377365112,-1.390769124031067,-1.354422688484192,-1.4494600296020508,-1.3898389339447021,-1.3774104118347168,-1.361218810081482,-1.332740068435669,-1.2603718042373657,-1.241689920425415,-1.380322813987732,-1.388615369796753,-0.6883548498153687,-1.3642657995224,-1.4021551609039307,-1.3902846574783325,-0.6768776774406433,-1.0521376132965088,-0.691988468170166,67633152000,232923363947.83948,0.0007024825630576656,0.0007785480791584576,786432
87000,3.2250964641571045,3.216106653213501,3.3307855129241943,2.535886764526367,3.4431354999542236,1.7247353792190552,2.818814277648926,3.346597671508789,3.431057929992676,2.588315725326538,2.8966572284698486,1.995163917541504,0.8870161771774292,0.9825001358985901,1.3210868835449219,1.9596824645996094,0.8511373996734619,1.0325113534927368,1.27644681930542,0.8606485724449158,0.8513309955596924,0.872657060623169,1.0032480955123901,1.109500765800476,0.5264176726341248,1.2646644115447998,1.53236722946167,1.549466848373413,1.12497878074646,1.213220477104187,1.6452789306640625,0.27725857496261597,0.26061776280403137,0.3145400583744049,0.34366196393966675,0.2726971507072449,0.27566418051719666,0.321416974067688,0.3349784016609192,0.44174468517303467,0.5543859601020813,0.5799663066864014,0.2675585150718689,0.282423198223114,0.5238531827926636,0.5102375149726868,0.3240000009536743,0.328000009059906,0.6844395995140076,0.45189353823661804,0.5272296667098999,0.2565931975841522,0.25169652700424194,0.25648054480552673,0.2691699266433716,0.2529728412628174,0.2536674737930298,0.2594456374645233,0.2681965231895447,0.2655003070831299,0.2920300364494324,0.2964647114276886,0.25680550932884216,0.2558181583881378,0.5080186724662781,0.2765003442764282,0.26341795921325684,0.2666948437690735,0.5097501873970032,0.36245372891426086,0.5014336705207825,-1.427475094795227,-1.4032920598983765,-1.3870145082473755,-1.351671814918518,-1.4534436464309692,-1.3890045881271362,-1.3771131038665771,-1.3557394742965698,-1.3322978019714355,-1.2507749795913696,-1.2392401695251465,-1.3727442026138306,-1.3842682838439941,-0.7113820314407349,-1.3544024229049683,-1.3938482999801636,-1.3805559873580933,-0.6774412989616394,-1.0510954856872559,-0.6921204328536987,68419584000,235631775156.5353,0.0006282723034471369,0.0007785480791584576,786432
88000,3.2137393951416016,3.202777624130249,3.3182239532470703,2.5210869312286377,3.4307730197906494,1.7114949226379395,2.8030662536621094,3.3163843154907227,3.4276022911071777,2.5777170658111572,2.874570608139038,1.9695926904678345,0.8629570007324219,0.9810019731521606,1.3130749464035034,1.9178653955459595,0.8306347131729126,1.0263525247573853,1.2737927436828613,0.8600996732711792,0.858721911907196,0.8784404993057251,0.9934514760971069,1.1053391695022583,0.4732365012168884,1.2704998254776,1.5527616739273071,1.5748710632324219,1.1261508464813232,1.208535075187683,1.7093960046768188,0.2585669755935669,0.2664092779159546,0.2878338396549225,0.3577464818954468,0.2723658084869385,0.27693942189216614,0.31491711735725403,0.33991363644599915,0.43806013464927673,0.5596491098403931,0.5765992999076843,0.284280925989151,0.2875426709651947,0.5516819357872009,0.4905814826488495,0.3140000104904175,0.3140000104904175,0.6915125250816345,0.45240533351898193,0.5335438251495361,0.25523340702056885,0.2516581118106842,0.25488993525505066,0.26827290654182434,0.252821147441864,0.25343188643455505,0.25907227396965027,0.26788294315338135,0.2655126750469208,0.2907915711402893,0.29578468203544617,0.257146418094635,0.25651389360427856,0.5172455906867981,0.2710239589214325,0.2613617181777954,0.2653495669364929,0.510146975517273,0.36145830154418945,0.5009837746620178,-1.429335117340088,-1.401633858680725,-1.3914088010787964,-1.354628562927246,-1.4456828832626343,-1.3889708518981934,-1.3785210847854614,-1.3569260835647583,-1.332162618637085,-1.2545366287231445,-1.2407710552215576,-1.371191143989563,-1.3810913562774658,-0.6916579008102417,-1.3717321157455444,-1.4013147354125977,-1.3860630989074707,-0.6768977046012878,-1.0525702238082886,-0.6928932666778564,69206016000,238340186365.2311,0.0005540620438366083,0.0007785480791584576,786432
89000,3.201571226119995,3.185715436935425,3.30854868888855,2.5096771717071533,3.420921564102173,1.6901065111160278,2.7887818813323975,3.345449209213257,3.4259703159332275,2.559943199157715,2.859454393386841,1.978355884552002,0.8551977276802063,0.9829174280166626,1.2962305545806885,1.9377585649490356,0.8262225389480591,1.026438593864441,1.2496596574783325,0.8520424962043762,0.8492870926856995,0.8660007119178772,1.005212664604187,1.1098620891571045,0.45049187541007996,1.2836742401123047,1.5419726371765137,1.579904317855835,1.123834252357483,1.2033568620681763,1.6016072034835815,0.26479750871658325,0.2664092779159546,0.3086053431034088,0.36056336760520935,0.26573890447616577,0.2682252824306488,0.32434189319610596,0.3383713662624359,0.44732123613357544,0.5508772134780884,0.5858585834503174,0.2709030210971832,0.2994880676269531,0.5724770426750183,0.4995904862880707,0.32199999690055847,0.30399999022483826,0.683351457118988,0.46110543608665466,0.5217047929763794,0.25476062297821045,0.2517600357532501,0.2550063729286194,0.2700836658477783,0.25322839617729187,0.2534169852733612,0.2592710256576538,0.26873666048049927,0.26588165760040283,0.29193350672721863,0.29732367396354675,0.2557969093322754,0.25690653920173645,0.530571699142456,0.2753284275531769,0.26253336668014526,0.2650015652179718,0.5097453594207764,0.36284539103507996,0.5013378262519836,-1.4338561296463013,-1.4010183811187744,-1.3931043148040771,-1.3500666618347168,-1.4490221738815308,-1.3891232013702393,-1.3784133195877075,-1.3552188873291016,-1.3307578563690186,-1.2506322860717773,-1.2362514734268188,-1.376720666885376,-1.3819855451583862,-0.6809545755386353,-1.3571245670318604,-1.3955000638961792,-1.3896350860595703,-0.6776079535484314,-1.049801230430603,-0.6921591758728027,69992448000,241048597573.9269,0.00047985178422607963,0.0007785480791584576,786432
90000,3.1878719329833984,3.1746826171875,3.2936484813690186,2.4956908226013184,3.410266637802124,1.6767876148223877,2.776136636734009,3.297011613845825,3.4218506813049316,2.546428918838501,2.8486227989196777,1.9549944400787354,0.8505868911743164,0.9702380299568176,1.2949975728988647,1.9143470525741577,0.8197363018989563,1.018775463104248,1.2572197914123535,0.8499929308891296,0.8533676266670227,0.8638545274734497,1.0076035261154175,1.115429401397705,0.47459420561790466,1.2345209121704102,1.5366718769073486,1.5590077638626099,1.1236940622329712,1.2028266191482544,1.664273738861084,0.24610592424869537,0.25868725776672363,0.29080119729042053,0.33521127700805664,0.2700463831424713,0.270138144493103,0.3230419158935547,0.3343614935874939,0.4514040946960449,0.5684210658073425,0.5875421166419983,0.27424749732017517,0.28924915194511414,0.6259939074516296,0.5151515007019043,0.3059999942779541,0.3019999861717224,0.6893362402915955,0.468781977891922,0.5098658204078674,0.25543180108070374,0.25182414054870605,0.25525543093681335,0.26969513297080994,0.2520322799682617,0.253423810005188,0.25911271572113037,0.2684782147407532,0.2662147879600525,0.29295089840888977,0.29821881651878357,0.257312536239624,0.256075918674469,0.5541210770606995,0.277364045381546,0.26149964332580566,0.26461148262023926,0.5104902982711792,0.3632201552391052,0.501626193523407,-1.4278920888900757,-1.3993163108825684,-1.3888193368911743,-1.349724531173706,-1.4491854906082153,-1.3885661363601685,-1.3780794143676758,-1.354814887046814,-1.3295366764068604,-1.2477484941482544,-1.2332849502563477,-1.3713247776031494,-1.383780598640442,-0.6600897908210754,-1.3474029302597046,-1.3994253873825073,-1.3916990756988525,-0.6760741472244263,-1.0478264093399048,-0.6917685270309448,70778880000,243757008782.6227,0.0004056415246155509,0.0007785480791584576,786432
91000,3.17277193069458,3.153303623199463,3.2798779010772705,2.4802751541137695,3.396415948867798,1.6628881692886353,2.759955883026123,3.2896294593811035,3.4017136096954346,2.5304884910583496,2.834850549697876,1.9707920551300049,0.8447840809822083,0.9640265703201294,1.2800698280334473,1.9260579347610474,0.8116864562034607,1.0113343000411987,1.240304708480835,0.8460771441459656,0.8496620655059814,0.8707373142242432,0.992262601852417,1.0955802202224731,0.47206777334213257,1.247857689857483,1.5020546913146973,1.5275664329528809,1.110105037689209,1.1941115856170654,1.622003197669983,0.2585669755935669,0.2760617733001709,0.27893173694610596,0.3661971688270569,0.27369117736816406,0.2775770425796509,0.3266168236732483,0.3371375799179077,0.458972305059433,0.5701754093170166,0.5774410963058472,0.260869562625885,0.29095563292503357,0.6140672564506531,0.5159705281257629,0.3179999887943268,0.335999995470047,0.6871599555015564,0.4657113552093506,0.5264403820037842,0.2551325261592865,0.2519848644733429,0.25498121976852417,0.2709488272666931,0.2529789209365845,0.2539174556732178,0.2595806121826172,0.2687479853630066,0.2665407657623291,0.292683482170105,0.297004759311676,0.25745534896850586,0.25605612993240356,0.5444260239601135,0.27629798650741577,0.2630171477794647,0.26596301794052124,0.5107596516609192,0.36371201276779175,0.5016014575958252,-1.4284480810165405,-1.4013184309005737,-1.3887710571289062,-1.3465309143066406,-1.4445078372955322,-1.387046456336975,-1.3760088682174683,-1.352627158164978,-1.3282883167266846,-1.247841238975525,-1.2370376586914062,-1.3696050643920898,-1.382613182067871,-0.6581509709358215,-1.3501980304718018,-1.3925920724868774,-1.3838250637054443,-0.6755692958831787,-1.0461679697036743,-0.6918372511863708,71565312000,246465419991.31854,0.0003314312650050223,0.0007785480791584576,786432
92000,3.1593360900878906,3.1337039470672607,3.266975164413452,2.464247465133667,3.386279582977295,1.6448043584823608,2.74509596824646,3.2685492038726807,3.3898849487304688,2.5131425857543945,2.810462713241577,1.942326545715332,0.8626294136047363,0.9634411931037903,1.2772859334945679,1.9072691202163696,0.8276733160018921,1.0074681043624878,1.2449780702590942,0.8445820808410645,0.8285918831825256,0.8407812714576721,0.986667811870575,1.0967320203781128,0.5257896184921265,1.197221279144287,1.5202538967132568,1.540624976158142,1.110172986984253,1.203639268875122,1.6151080131530762,0.26479750871658325,0.2567567527294159,0.2937685549259186,0.36901408433914185,0.2693836987018585,0.2743889391422272,0.3253168761730194,0.33405303955078125,0.4615614414215088,0.5719298124313354,0.5925925970077515,0.2709030210971832,0.2875426709651947,0.6262996792793274,0.5266175270080566,0.3140000104904175,0.3240000009536743,0.6980413198471069,0.4662231206893921,0.5264403820037842,0.25607794523239136,0.251690149307251,0.25523674488067627,0.27163535356521606,0.2530636191368103,0.25400179624557495,0.25963398814201355,0.26899221539497375,0.26673126220703125,0.29407769441604614,0.2993585467338562,0.25697988271713257,0.25675854086875916,0.5538737177848816,0.2772204279899597,0.2634127736091614,0.26675036549568176,0.5108402967453003,0.36322543025016785,0.5014485120773315,-1.4259456396102905,-1.4032402038574219,-1.3894834518432617,-1.3441897630691528,-1.4468262195587158,-1.387973427772522,-1.3759524822235107,-1.3527865409851074,-1.3275152444839478,-1.2433114051818848,-1.2292970418930054,-1.3722776174545288,-1.381017804145813,-0.6554770469665527,-1.3455780744552612,-1.394896388053894,-1.3829717636108398,-0.6754825115203857,-1.047888159751892,-0.6921047568321228,72351744000,249173831200.01434,0.0002572210053944936,0.0007785480791584576,786432
93000,3.144855499267578,3.1151745319366455,3.253291606903076,2.4517319202423096,3.3721747398376465,1.628918170928955,2.7294468879699707,3.2549870014190674,3.3713371753692627,2.500131130218506,2.7968714237213135,1.9384194612503052,0.8360430598258972,0.9526439905166626,1.2686413526535034,1.8962960243225098,0.8023597002029419,0.9979161024093628,1.233407974243164,0.8403350710868835,0.8231209516525269,0.8399392366409302,0.9769054651260376,1.0849659442901611,0.4926069378852844,1.2046533823013306,1.508242130279541,1.5266777276992798,1.1018654108047485,1.1794910430908203,1.6426382064819336,0.2616822421550751,0.2567567527294159,0.28486648201942444,0.36901408433914185,0.2776673436164856,0.27927735447883606,0.3233669102191925,0.3429981470108032,0.46365267038345337,0.5754386186599731,0.5989057421684265,0.2943143844604492,0.2883959114551544,0.5253822803497314,0.5184274911880493,0.32199999690055847,0.32199999690055847,0.6958650946617126,0.4662231206893921,0.5043409466743469,0.25581085681915283,0.2519795298576355,0.2550809979438782,0.2711435854434967,0.2529335916042328,0.25399211049079895,0.2595052421092987,0.2685431241989136,0.26691603660583496,0.2956746518611908,0.3000940978527069,0.2578051686286926,0.2569371163845062,0.5109867453575134,0.27829286456108093,0.2629389762878418,0.26640263199806213,0.5104652047157288,0.36377036571502686,0.5012499094009399,-1.4251126050949097,-1.4009127616882324,-1.389302134513855,-1.3446035385131836,-1.445729374885559,-1.386758804321289,-1.3760569095611572,-1.3541053533554077,-1.326754093170166,-1.238802433013916,-1.2269951105117798,-1.3689026832580566,-1.379682183265686,-0.714786946773529,-1.343783974647522,-1.3946170806884766,-1.3799506425857544,-0.676193356513977,-1.0451956987380981,-0.6922935247421265,73138176000,251882242408.71014,0.0001830107457839649,0.0007785480791584576,786432
94000,3.1327762603759766,3.0986573696136475,3.239201545715332,2.436948299407959,3.3618502616882324,1.6138622760772705,2.71390962600708,3.2496259212493896,3.3599560260772705,2.485356330871582,2.779449462890625,1.9377593994140625,0.83035808801651,0.9505836367607117,1.2647281885147095,1.892958641052246,0.795991837978363,0.9935675859451294,1.2239463329315186,0.837134838104248,0.8037837743759155,0.819937527179718,0.9668883085250854,1.0712007284164429,0.48725196719169617,1.196611762046814,1.4996601343154907,1.5175038576126099,1.0973491668701172,1.1754448413848877,1.6385917663574219,0.2585669755935669,0.26061776280403137,0.2818991243839264,0.35211268067359924,0.2763419449329376,0.27736449241638184,0.3256418704986572,0.34238123893737793,0.4675363600254059,0.5929824709892273,0.6073232293128967,0.284280925989151,0.30119454860687256,0.6226299405097961,0.522522509098053,0.335999995470047,0.33399999141693115,0.6915125250816345,0.4733879268169403,0.5130228996276855,0.2551981508731842,0.25188395380973816,0.2549002170562744,0.27055418491363525,0.25312909483909607,0.2541184723377228,0.2599363327026367,0.269214004278183,0.26722800731658936,0.29604601860046387,0.30151453614234924,0.2580070197582245,0.2575073838233948,0.5509880185127258,0.2799281179904938,0.2647959589958191,0.26812779903411865,0.5110268592834473,0.3650694191455841,0.5013708472251892,-1.4287264347076416,-1.4010725021362305,-1.3914275169372559,-1.3452450037002563,-1.4447035789489746,-1.3858342170715332,-1.3749536275863647,-1.3511874675750732,-1.3255822658538818,-1.2366394996643066,-1.222548246383667,-1.3684624433517456,-1.3780639171600342,-0.6491331458091736,-1.3372931480407715,-1.3875250816345215,-1.3749725818634033,-0.6750458478927612,-1.0420888662338257,-0.6921805739402771,73924608000,254590653617.40594,0.00010880048617343624,0.0007785480791584576,786432
94427,3.1268396377563477,3.09205961227417,3.2339675426483154,2.431825637817383,3.3565304279327393,1.6082295179367065,2.7077550888061523,3.24627423286438,3.3498916625976562,2.4796292781829834,2.774176836013794,1.9218175411224365,0.8327504992485046,0.9505836367607117,1.2556785345077515,1.8818577527999878,0.7974658012390137,0.9920677542686462,1.2187979221343994,0.8345822691917419,0.8091016411781311,0.8227567672729492,0.9598890542984009,1.0700558423995972,0.482268363237381,1.1966609954833984,1.4866836071014404,1.5059765577316284,1.09324312210083,1.1742831468582153,1.6390479803085327,0.24922119081020355,0.26447877287864685,0.29080119729042053,0.3492957651615143,0.27567926049232483,0.2790648341178894,0.32401689887046814,0.345465749502182,0.47032463550567627,0.5807017683982849,0.6111111044883728,0.2909699082374573,0.2986348271369934,0.6204892992973328,0.5331695079803467,0.3199999928474426,0.3240000009536743,0.7007616758346558,0.4723643660545349,0.5169692039489746,0.255808562040329,0.25212982296943665,0.2549041509628296,0.2706519067287445,0.2531020939350128,0.2542497217655182,0.25995585322380066,0.26935458183288574,0.2672865688800812,0.2959505319595337,0.3012385666370392,0.2583617866039276,0.2578226923942566,0.5478948950767517,0.2801454961299896,0.264960378408432,0.26800450682640076,0.5112030506134033,0.36493322253227234,0.5015366077423096,-1.4227243661880493,-1.4005699157714844,-1.3915674686431885,-1.345223307609558,-1.4432474374771118,-1.385684609413147,-1.3749139308929443,-1.3506780862808228,-1.3253161907196045,-1.2375680208206177,-1.2231931686401367,-1.3667179346084595,-1.376218318939209,-0.6503615379333496,-1.337209939956665,-1.3868221044540405,-1.3747308254241943,-0.6747651100158691,-1.0430039167404175,-0.6919158101081848,74260414464,255747145203.51907,7.785480791584576e-05,0.0007785480791584576,786432
