throughput/total_tokens,throughput/total_training_Gflops,eval/c4_en-validation/CrossEntropyLoss,eval/dolma_books-validation/CrossEntropyLoss,eval/dolma_common-crawl-validation/CrossEntropyLoss,eval/dolma_pes2o-validation/CrossEntropyLoss,eval/dolma_reddit-validation/CrossEntropyLoss,eval/dolma_stack-validation/CrossEntropyLoss,eval/dolma_wiki-validation/CrossEntropyLoss,eval/ice-validation/CrossEntropyLoss,eval/m2d2_s2orc-validation/CrossEntropyLoss,eval/pile-validation/CrossEntropyLoss,eval/wikitext_103-validation/CrossEntropyLoss,eval/downstream_bpb/piqa_rc_0shot_bpb_bpb,eval/downstream_bpb/piqa_rc_5shot_bpb_bpb,eval/downstream_bpb/piqa_mc_5shot_bpb_bpb,eval/downstream_bpb/hellaswag_rc_0shot_bpb_bpb,eval/downstream_bpb/hellaswag_rc_5shot_bpb_bpb,eval/downstream_bpb/hellaswag_mc_5shot_bpb_bpb,eval/downstream_bpb/winogrande_rc_0shot_bpb_bpb,eval/downstream_bpb/winogrande_rc_5shot_bpb_bpb,eval/downstream_bpb/winogrande_mc_5shot_bpb_bpb,eval/downstream_bpb/openbookqa_rc_0shot_bpb_bpb,eval/downstream_bpb/openbookqa_rc_5shot_bpb_bpb,eval/downstream_bpb/openbookqa_mc_5shot_bpb_bpb,eval/downstream_bpb/boolq_rc_0shot_bpb_bpb,eval/downstream_bpb/boolq_rc_5shot_bpb_bpb,eval/downstream_bpb/boolq_mc_5shot_bpb_bpb,eval/downstream_bpb/sciq_rc_0shot_bpb_bpb,eval/downstream_bpb/arc_easy_rc_0shot_bpb_bpb,eval/downstream_bpb/arc_easy_rc_5shot_bpb_bpb,eval/downstream_bpb/arc_easy_mc_5shot_bpb_bpb,eval/downstream_bpb/arc_challenge_rc_0shot_bpb_bpb,eval/downstream_bpb/arc_challenge_rc_5shot_bpb_bpb,eval/downstream_bpb/arc_challenge_mc_5shot_bpb_bpb,eval/downstream_bpb/copa_rc_0shot_bpb_bpb,eval/downstream_bpb/csqa_rc_0shot_bpb_bpb,eval/downstream_bpb/csqa_rc_5shot_bpb_bpb,eval/downstream_bpb/csqa_mc_5shot_bpb_bpb,eval/downstream_bpb/socialiqa_rc_0shot_bpb_bpb,eval/downstream_bpb/socialiqa_rc_5shot_bpb_bpb,eval/downstream_bpb/socialiqa_mc_5shot_bpb_bpb,eval/downstream_bpb/mmlu_stem_var_bpb_bpb,eval/downstream_bpb/mmlu_humanities_var_bpb_bpb,eval/downstream_bpb/mmlu_social_sciences_var_bpb_bpb,eval/downstream_bpb/mmlu_other_var_bpb_bpb,eval/downstream_bpb/mmlu_stem_bpb_bpb,eval/downstream_bpb/mmlu_humanities_bpb_bpb,eval/downstream_bpb/mmlu_social_sciences_bpb_bpb,eval/downstream_bpb/mmlu_other_bpb_bpb,eval/downstream/hellaswag_len_norm,eval/downstream/hellaswag_rc_0shot_len_norm,eval/downstream/hellaswag_rc_5shot_len_norm,eval/downstream/hellaswag_mc_5shot_acc,eval/downstream/winogrande_acc,eval/downstream/winogrande_rc_0shot_acc,eval/downstream/winogrande_rc_5shot_acc,eval/downstream/winogrande_mc_5shot_acc,eval/downstream/piqa_len_norm,eval/downstream/piqa_rc_0shot_len_norm,eval/downstream/piqa_rc_5shot_len_norm,eval/downstream/piqa_mc_5shot_acc,eval/downstream/social_iqa_len_norm,eval/downstream/socialiqa_rc_0shot_len_norm,eval/downstream/socialiqa_rc_5shot_len_norm,eval/downstream/socialiqa_mc_5shot_acc,eval/downstream/openbook_qa_len_norm,eval/downstream/openbookqa_rc_0shot_len_norm,eval/downstream/openbookqa_rc_5shot_len_norm,eval/downstream/openbookqa_mc_5shot_acc,eval/downstream/commonsense_qa_len_norm,eval/downstream/csqa_rc_0shot_len_norm,eval/downstream/csqa_rc_5shot_len_norm,eval/downstream/csqa_mc_5shot_acc,eval/downstream/boolq_acc,eval/downstream/boolq_rc_0shot_acc,eval/downstream/boolq_rc_5shot_acc,eval/downstream/boolq_mc_5shot_acc,eval/downstream/copa_acc,eval/downstream/copa_rc_0shot_acc,eval/downstream/arc_easy_acc,eval/downstream/arc_easy_rc_0shot_acc,eval/downstream/arc_easy_rc_5shot_acc,eval/downstream/arc_easy_mc_5shot_acc,eval/downstream/arc_challenge_len_norm,eval/downstream/arc_challenge_rc_0shot_len_norm,eval/downstream/arc_challenge_rc_5shot_len_norm,eval/downstream/arc_challenge_mc_5shot_acc,eval/downstream/sciq_acc,eval/downstream/sciq_rc_0shot_acc,eval/downstream/mmlu_social_sciences_var_len_norm,eval/downstream/mmlu_humanities_var_len_norm,eval/downstream/mmlu_other_var_len_norm,eval/downstream/mmlu_stem_mc_5shot_test_len_norm,eval/downstream/mmlu_humanities_mc_5shot_len_norm,eval/downstream/mmlu_social_sciences_mc_5shot_len_norm,eval/downstream/mmlu_stem_var_len_norm,eval/downstream/mmlu_other_mc_5shot_test_len_norm,eval/downstream/mmlu_humanities_mc_5shot_test_len_norm,eval/downstream/mmlu_stem_mc_5shot_len_norm,eval/downstream/mmlu_social_sciences_mc_5shot_test_len_norm,eval/downstream/mmlu_other_mc_5shot_len_norm,eval/downstream/basic_arithmetic_acc,optim/learning_rate_group0,learning_rate_peak,batch_size_in_tokens
104857600,199585036.4485632,10.160832405090332,10.402883529663086,10.175466537475586,10.080282211303711,10.058415412902832,10.433394432067871,10.258605003356934,10.525991439819336,9.959138870239258,10.156578063964844,10.495375633239746,2.232696056365967,2.117757797241211,8.338093757629395,1.754284381866455,1.7306406497955322,8.848812103271484,2.227351665496826,2.1420061588287354,7.492526531219482,2.7518436908721924,2.6857030391693115,8.731249809265137,4.860536098480225,4.79743766784668,7.339968681335449,2.9366250038146973,2.518846035003662,2.428001642227173,8.318695068359375,2.285273790359497,2.2613399028778076,8.52362060546875,2.1055469512939453,2.8827741146087646,2.847243547439575,8.633036613464355,2.3210322856903076,2.288351535797119,8.617218971252441,3.680921792984009,2.2587130069732666,2.12166166305542,2.9865002632141113,3.7478582859039307,2.2712807655334473,2.155160427093506,3.036289691925049,0.25403305888175964,0.2518422603607178,0.24899999797344208,0.25600001215934753,0.5043409466743469,0.5043409466743469,0.5106551051139832,0.4956590235233307,0.5087051391601562,0.5108813643455505,0.5090000033378601,0.5019999742507935,0.3879221975803375,0.3879221975803375,0.38499999046325684,0.3269999921321869,0.27799999713897705,0.28600001335144043,0.2840000092983246,0.25200000405311584,0.24242424964904785,0.24242424964904785,0.23177723586559296,0.1957411915063858,0.3825688064098358,0.38379204273223877,0.36399999260902405,0.6380000114440918,0.550000011920929,0.550000011920929,0.26491227746009827,0.26491227746009827,0.2754386067390442,0.27719298005104065,0.23745819926261902,0.23745819926261902,0.23411370813846588,0.21404682099819183,0.23999999463558197,0.23899999260902405,0.254768967628479,0.25896304845809937,0.23903420567512512,0.21371769905090332,0.24131274223327637,0.2433234453201294,0.21539831161499023,0.23750771582126617,0.2420828938484192,0.28037384152412415,0.2170945703983307,0.2366197109222412,0.21699999272823334,0.0005359385778077217,0.000972728518721015,524288
209715200,399170072.8971264,10.330985069274902,10.671899795532227,10.361324310302734,10.014068603515625,10.303862571716309,9.565064430236816,10.383940696716309,10.445011138916016,10.216530799865723,9.904236793518066,10.47740364074707,1.91648530960083,1.7685312032699585,4.025843620300293,1.4740854501724243,1.4366093873977661,3.8687422275543213,1.9471192359924316,1.9188165664672852,3.541818857192993,2.731874942779541,2.5344531536102295,4.6465935707092285,3.9472668170928955,2.9934842586517334,4.335171699523926,2.8530781269073486,2.487938642501831,2.200582504272461,3.739459991455078,2.2207095623016357,2.1030256748199463,4.4888691902160645,1.675234317779541,3.1032323837280273,2.8176443576812744,5.212402820587158,2.3103010654449463,2.109734296798706,4.415062427520752,3.803978204727173,2.0706474781036377,1.936746597290039,2.7951583862304688,4.114899635314941,2.1325409412384033,2.0257790088653564,2.9259352684020996,0.25074687600135803,0.24875523149967194,0.23899999260902405,0.23999999463558197,0.47671666741371155,0.47671666741371155,0.503551721572876,0.4956590235233307,0.5353645086288452,0.5293797850608826,0.5199999809265137,0.49300000071525574,0.3915046155452728,0.3915046155452728,0.38199999928474426,0.3409999907016754,0.2680000066757202,0.2879999876022339,0.27799999713897705,0.2540000081062317,0.23751023411750793,0.23751023411750793,0.23505324125289917,0.1957411915063858,0.49969419836997986,0.48990824818611145,0.3619999885559082,0.6380000114440918,0.5400000214576721,0.5400000214576721,0.29649123549461365,0.29649123549461365,0.31228071451187134,0.2824561297893524,0.23076923191547394,0.23076923191547394,0.2541806101799011,0.23076923191547394,0.3149999976158142,0.3149999976158142,0.2064434140920639,0.25896304845809937,0.2680080533027649,0.23923127353191376,0.22007721662521362,0.24629080295562744,0.26969292759895325,0.2557063400745392,0.233156219124794,0.21495327353477478,0.22749431431293488,0.26760563254356384,0.2123333364725113,0.0009726663896590409,0.000972728518721015,524288
314572800,598755109.3456897,10.019103050231934,10.428446769714355,10.092183113098145,9.316756248474121,10.117568969726562,8.139328956604004,10.005261421203613,10.029569625854492,9.855945587158203,9.206987380981445,10.043746948242188,1.758092999458313,1.6848593950271606,2.2348790168762207,1.3264542818069458,1.2973828315734863,2.6949100494384766,1.9074246883392334,1.9029357433319092,1.5254322290420532,2.5210468769073486,2.1901562213897705,2.7213516235351562,3.4960532188415527,1.1801797151565552,1.764165997505188,2.380195379257202,2.1784403324127197,1.8615063428878784,3.026411771774292,1.997400164604187,1.80400812625885,2.928877592086792,1.5400390625,2.897951126098633,2.2408406734466553,3.0860397815704346,2.2214648723602295,1.7792421579360962,2.296992301940918,3.340707778930664,1.7233079671859741,1.6984388828277588,2.494415044784546,3.4581265449523926,1.9397170543670654,1.7936642169952393,2.5754292011260986,0.2588129937648773,0.2577175796031952,0.2460000067949295,0.23499999940395355,0.4932912290096283,0.4932912290096283,0.4964483082294464,0.5043409466743469,0.5457018613815308,0.5462459325790405,0.5479999780654907,0.49799999594688416,0.387410432100296,0.387410432100296,0.375,0.33399999141693115,0.23199999332427979,0.25200000405311584,0.24400000274181366,0.2199999988079071,0.24733825027942657,0.24733825027942657,0.2538902461528778,0.20147420465946198,0.4266054928302765,0.4290519952774048,0.36800000071525574,0.3619999885559082,0.5400000214576721,0.5400000214576721,0.3298245668411255,0.3298245668411255,0.3228070139884949,0.24912281334400177,0.19397993385791779,0.19397993385791779,0.20735785365104675,0.2675585150718689,0.44699999690055847,0.4440000057220459,0.22721491754055023,0.22807501256465912,0.27444666624069214,0.27567926049232483,0.25482624769210815,0.21958456933498383,0.2670226991176605,0.2621838450431824,0.24909670650959015,0.24610592424869537,0.2242444008588791,0.23380281031131744,0.2160000056028366,0.0009701818248402691,0.000972728518721015,524288
419430400,798340145.7942528,9.970555305480957,10.367048263549805,10.050439834594727,9.16899585723877,10.05344009399414,7.636320114135742,9.978348731994629,9.95665454864502,9.790478706359863,9.02628231048584,10.020371437072754,1.6805291175842285,1.5671172142028809,1.6017987728118896,1.2438191175460815,1.2141073942184448,2.3992812633514404,1.7930134534835815,1.825000286102295,1.162789225578308,2.4328906536102295,2.1049296855926514,2.3243749141693115,3.1223409175872803,0.5703164339065552,1.404058575630188,2.1497304439544678,2.0605194568634033,1.7284882068634033,2.353673219680786,1.8882603645324707,1.6652252674102783,2.345970869064331,1.4339452981948853,2.8048794269561768,2.1365139484405518,2.948345422744751,2.0991315841674805,1.6928945779800415,2.0187928676605225,3.1264984607696533,1.5702941417694092,1.5994330644607544,2.3348276615142822,3.2360177040100098,1.8006304502487183,1.703229308128357,2.4181559085845947,0.2669786810874939,0.2670782804489136,0.2669999897480011,0.25699999928474426,0.5217047929763794,0.5217047929763794,0.49723756313323975,0.5209155678749084,0.5544069409370422,0.5598476529121399,0.550000011920929,0.49799999594688416,0.40122824907302856,0.40122824907302856,0.3869999945163727,0.3370000123977661,0.2720000147819519,0.27799999713897705,0.25600001215934753,0.25600001215934753,0.24488124251365662,0.24488124251365662,0.25143325328826904,0.19164618849754333,0.5767583847045898,0.5715596079826355,0.6380000114440918,0.36899998784065247,0.6299999952316284,0.6299999952316284,0.3684210479259491,0.3684210479259491,0.3368421196937561,0.25438597798347473,0.227424755692482,0.227424755692482,0.20735785365104675,0.227424755692482,0.5080000162124634,0.5099999904632568,0.23018227517604828,0.23469388484954834,0.2740442752838135,0.26838967204093933,0.25482624769210815,0.2433234453201294,0.27147307991981506,0.2837754487991333,0.23974494636058807,0.23676012456417084,0.23431913554668427,0.2563380300998688,0.2226666659116745,0.000964090167308782,0.000972728518721015,524288
524288000,997925182.242816,9.8991060256958,10.22463607788086,9.978096008300781,9.027791023254395,10.000609397888184,7.387385845184326,9.845935821533203,9.82248306274414,9.748403549194336,8.868638038635254,9.865288734436035,1.6374455690383911,1.5229843854904175,1.9893710613250732,1.1949838399887085,1.1688926219940186,2.586007833480835,1.7687712907791138,1.8308504819869995,1.4913643598556519,2.437859296798706,2.0494296550750732,2.218625068664551,2.8108322620391846,0.5372461080551147,1.5556211471557617,2.0814688205718994,2.0569558143615723,1.6727590560913086,2.642064094543457,1.8945965766906738,1.5859897136688232,2.3114941120147705,1.363867163658142,2.7807509899139404,2.0459280014038086,2.7949106693267822,2.1494650840759277,1.6922343969345093,2.063312530517578,2.961613655090332,1.527666449546814,1.5865559577941895,2.273054838180542,3.2478461265563965,1.77057945728302,1.6952602863311768,2.4237565994262695,0.26259708404541016,0.2623979151248932,0.26499998569488525,0.23999999463558197,0.5114443302154541,0.5114443302154541,0.5059195160865784,0.5051302313804626,0.5767138004302979,0.5788900852203369,0.5659999847412109,0.49799999594688416,0.39508700370788574,0.39508700370788574,0.3720000088214874,0.335999995470047,0.27399998903274536,0.3100000023841858,0.24799999594688416,0.2460000067949295,0.24979524314403534,0.24979524314403534,0.2678132653236389,0.18427518010139465,0.5596330165863037,0.556269109249115,0.4359999895095825,0.36399999260902405,0.5899999737739563,0.5899999737739563,0.35789474844932556,0.35789474844932556,0.3561403453350067,0.24736842513084412,0.1872909665107727,0.1872909665107727,0.19732441008090973,0.26421403884887695,0.5370000004768372,0.5360000133514404,0.189063161611557,0.21869829297065735,0.28169015049934387,0.2833001911640167,0.2664092779159546,0.23442137241363525,0.2808188796043396,0.2637260854244232,0.24718384444713593,0.26791277527809143,0.24244393408298492,0.2450704276561737,0.23133333027362823,0.0009544419090815662,0.000972728518721015,524288
629145600,1197510218.6913793,9.87735366821289,10.267138481140137,9.956262588500977,9.020959854125977,9.971331596374512,7.248053550720215,9.848254203796387,9.80412769317627,9.75285816192627,8.850001335144043,9.802201271057129,1.5526111125946045,1.4762694835662842,2.702580451965332,1.163833737373352,1.1365526914596558,2.1841015815734863,1.693536639213562,1.7288285493850708,1.6356292963027954,2.3320624828338623,2.002624988555908,2.4048984050750732,2.494838237762451,0.5964013934135437,2.021713972091675,1.944091796875,1.8963679075241089,1.5618146657943726,2.410224676132202,1.7740254402160645,1.5281798839569092,2.648319959640503,1.314843773841858,2.732084274291992,2.0019164085388184,3.008727550506592,2.112837553024292,1.6269140243530273,2.0025136470794678,3.016211748123169,1.4667538404464722,1.5308972597122192,2.203714370727539,3.1978557109832764,1.7016319036483765,1.6095315217971802,2.260057210922241,0.2689703106880188,0.26677951216697693,0.2630000114440918,0.26499998569488525,0.4885556399822235,0.4885556399822235,0.5043409466743469,0.5043409466743469,0.5848748683929443,0.5788900852203369,0.5690000057220459,0.49799999594688416,0.39252814650535583,0.39252814650535583,0.3799999952316284,0.3370000123977661,0.27000001072883606,0.28200000524520874,0.24799999594688416,0.2759999930858612,0.25634726881980896,0.25634726881980896,0.2702702581882477,0.20884521305561066,0.426911324262619,0.4363914430141449,0.4259999990463257,0.3619999885559082,0.6000000238418579,0.6000000238418579,0.39824560284614563,0.39824560284614563,0.38947367668151855,0.27017542719841003,0.2107023447751999,0.2107023447751999,0.19063545763492584,0.2441471517086029,0.5609999895095825,0.5640000104904175,0.2238236516714096,0.22972972691059113,0.28692153096199036,0.2697150409221649,0.25482624769210815,0.24035608768463135,0.2585669755935669,0.2914867401123047,0.23698192834854126,0.23676012456417084,0.23756906390190125,0.2732394337654114,0.23399999737739563,0.000941317021827381,0.000972728518721015,524288
734003200,1397095255.1399424,9.790754318237305,10.204276084899902,9.878191947937012,8.932852745056152,9.921276092529297,7.05933141708374,9.772658348083496,9.616415977478027,9.664443016052246,8.721033096313477,9.77663516998291,1.5657590627670288,1.465667963027954,2.2542338371276855,1.1391546726226807,1.1166621446609497,2.2108750343322754,1.6722218990325928,1.7483351230621338,1.1230406761169434,2.3799452781677246,1.9778437614440918,2.4442031383514404,2.036668539047241,0.49932861328125,1.3396035432815552,1.9506230354309082,1.9186815023422241,1.5139219760894775,2.1816062927246094,1.79364812374115,1.491965413093567,2.1931698322296143,1.2854686975479126,2.7855112552642822,2.014786720275879,2.80937123298645,2.1455187797546387,1.6247851848602295,1.8040077686309814,2.982926368713379,1.4915505647659302,1.5018645524978638,2.188201904296875,3.2442989349365234,1.7310192584991455,1.5970999002456665,2.277629852294922,0.2630949914455414,0.263393759727478,0.2630000114440918,0.22599999606609344,0.5027624368667603,0.5027624368667603,0.5051302313804626,0.5067087411880493,0.5821545124053955,0.5826985836029053,0.5839999914169312,0.49799999594688416,0.39969292283058167,0.39969292283058167,0.39899998903274536,0.3479999899864197,0.2680000066757202,0.2800000011920929,0.23600000143051147,0.27799999713897705,0.2522522509098053,0.2522522509098053,0.28665030002593994,0.2096642106771469,0.5865443348884583,0.5822629928588867,0.5569999814033508,0.37599998712539673,0.5799999833106995,0.5799999833106995,0.4140350818634033,0.4140350818634033,0.38596490025520325,0.26140350103378296,0.20735785365104675,0.20735785365104675,0.1872909665107727,0.2441471517086029,0.5950000286102295,0.597000002861023,0.2352691888809204,0.23552124202251434,0.28611668944358826,0.2717031240463257,0.26833978295326233,0.21068249642848969,0.25233644247055054,0.2732881009578705,0.23634430766105652,0.2554517090320587,0.233344167470932,0.2563380300998688,0.22633333504199982,0.0009248242940043368,0.000972728518721015,524288
838860800,1596680291.5885055,9.822806358337402,10.185480117797852,9.903960227966309,8.871779441833496,9.961716651916504,6.81937837600708,9.771554946899414,9.472559928894043,9.684744834899902,8.648554801940918,9.720233917236328,1.5130832195281982,1.434511661529541,1.4000800848007202,1.1271733045578003,1.1049453020095825,2.328914165496826,1.718242883682251,1.7688930034637451,1.075832724571228,2.297734260559082,1.9346953630447388,2.223539113998413,2.040889024734497,0.6380712985992432,1.1702324151992798,1.8349765539169312,1.8582236766815186,1.4922937154769897,2.2440173625946045,1.7310696840286255,1.4629690647125244,2.129807710647583,1.2651171684265137,2.6657772064208984,1.8283425569534302,2.9257876873016357,2.0639493465423584,1.602556586265564,1.9394882917404175,2.8011300563812256,1.4468529224395752,1.4581456184387207,2.092914581298828,3.0232670307159424,1.7062809467315674,1.553099513053894,2.134474039077759,0.2670782804489136,0.2662816047668457,0.25699999928474426,0.24199999868869781,0.49960535764694214,0.49960535764694214,0.5169692039489746,0.5027624368667603,0.5897715091705322,0.5941240191459656,0.5830000042915344,0.5,0.405322402715683,0.405322402715683,0.39500001072883606,0.3269999921321869,0.2540000081062317,0.2720000147819519,0.23199999332427979,0.257999986410141,0.2719082832336426,0.2719082832336426,0.29156428575515747,0.1957411915063858,0.4788990914821625,0.46972477436065674,0.36500000953674316,0.4309999942779541,0.6000000238418579,0.6000000238418579,0.3684210479259491,0.3684210479259491,0.378947377204895,0.27017542719841003,0.20066890120506287,0.20066890120506287,0.2107023447751999,0.30434781312942505,0.6179999709129333,0.6209999918937683,0.22424755990505219,0.2335907369852066,0.29617705941200256,0.26673293113708496,0.23552124202251434,0.23442137241363525,0.24922119081020355,0.26773595809936523,0.24017003178596497,0.2616822421550751,0.23984400928020477,0.2535211145877838,0.2396666705608368,0.0009051004291433031,0.000972728518721015,524288
943718400,1796265328.0370688,9.866371154785156,10.277250289916992,9.949075698852539,8.95386791229248,9.957651138305664,6.783246994018555,9.861729621887207,9.548272132873535,9.723030090332031,8.685030937194824,9.8550443649292,1.4886786937713623,1.3911465406417847,1.312558650970459,1.1103829145431519,1.0899238586425781,2.440105438232422,1.6978930234909058,1.7844794988632202,1.288442850112915,2.309023380279541,1.9178359508514404,2.4466679096221924,2.4853570461273193,0.6592856645584106,1.152250051498413,1.8787695169448853,1.8645559549331665,1.441368579864502,2.4018776416778564,1.7225909233093262,1.4643081426620483,2.4162116050720215,1.2629687786102295,2.6822211742401123,1.854048252105713,2.690155267715454,2.0821871757507324,1.5599160194396973,2.222363233566284,2.7642886638641357,1.4166474342346191,1.4448273181915283,2.0462493896484375,2.941108226776123,1.690090298652649,1.5472227334976196,2.1354312896728516,0.26528578996658325,0.2634933292865753,0.25999999046325684,0.2460000067949295,0.5138121843338013,0.5138121843338013,0.5224940776824951,0.4956590235233307,0.5968443751335144,0.5973884463310242,0.5789999961853027,0.5339999794960022,0.4150460660457611,0.4150460660457611,0.39399999380111694,0.3269999921321869,0.2540000081062317,0.2540000081062317,0.22200000286102295,0.257999986410141,0.27600327134132385,0.27600327134132385,0.3071253001689911,0.19901719689369202,0.5587155818939209,0.5510703325271606,0.3619999885559082,0.6380000114440918,0.6000000238418579,0.6000000238418579,0.37719297409057617,0.37719297409057617,0.41228070855140686,0.23157894611358643,0.22408026456832886,0.22408026456832886,0.227424755692482,0.2775919735431671,0.6079999804496765,0.6100000143051147,0.22509537637233734,0.24462217092514038,0.28772637248039246,0.27435389161109924,0.2528957426548004,0.2611275911331177,0.2634623944759369,0.24830351769924164,0.237619549036026,0.23987539112567902,0.2811179757118225,0.23943662643432617,0.23499999940395355,0.0008823089127512145,0.000972728518721015,524288
1048576000,1995850364.485632,9.729576110839844,10.080812454223633,9.814919471740723,8.834309577941895,9.828474044799805,6.663280487060547,9.721803665161133,9.4036226272583,9.615286827087402,8.556343078613281,9.74746322631836,1.4898475408554077,1.3838319778442383,2.007277250289917,1.0991785526275635,1.084054708480835,2.71665620803833,1.6590293645858765,1.74051034450531,1.5943049192428589,2.395242214202881,1.8944687843322754,2.401843786239624,2.464082717895508,0.6935390830039978,1.3899922370910645,1.8620078563690186,1.8916015625,1.416060209274292,2.469346284866333,1.759732961654663,1.4449336528778076,2.4120376110076904,1.236914038658142,2.7732584476470947,1.8738930225372314,2.6928746700286865,2.1525776386260986,1.569806694984436,1.985769510269165,2.803893804550171,1.4297672510147095,1.4387245178222656,2.044353723526001,3.073099136352539,1.732293725013733,1.565473198890686,2.2015130519866943,0.269667387008667,0.268273264169693,0.2630000114440918,0.23999999463558197,0.5003946423530579,0.5003946423530579,0.519336998462677,0.503551721572876,0.5963003039360046,0.5935800075531006,0.5820000171661377,0.5,0.4124872088432312,0.4124872088432312,0.3959999978542328,0.335999995470047,0.27799999713897705,0.2639999985694885,0.24400000274181366,0.22200000286102295,0.2874692976474762,0.2874692976474762,0.30221131443977356,0.1957411915063858,0.6045871376991272,0.594495415687561,0.3630000054836273,0.6069999933242798,0.6399999856948853,0.6399999856948853,0.4070175290107727,0.4070175290107727,0.40877193212509155,0.24561403691768646,0.19063545763492584,0.19063545763492584,0.19732441008090973,0.260869562625885,0.6290000081062317,0.6290000081062317,0.235693097114563,0.2382790893316269,0.30221328139305115,0.26838967204093933,0.2471042424440384,0.24035608768463135,0.257676899433136,0.24830351769924164,0.2556854486465454,0.25233644247055054,0.23431913554668427,0.2366197109222412,0.23100000619888306,0.0008566386572261954,0.000972728518721015,524288
1153433600,2195435400.934195,9.779480934143066,10.147764205932617,9.861448287963867,8.883206367492676,9.888619422912598,6.659318923950195,9.772331237792969,9.460214614868164,9.705708503723145,8.591104507446289,9.83650016784668,1.4638066291809082,1.3880664110183716,1.8576797246932983,1.0959044694900513,1.0706465244293213,2.4184608459472656,1.6526929140090942,1.7207139730453491,1.5336054563522339,2.2466952800750732,1.9058905839920044,2.3835625648498535,2.2040913105010986,0.7041064500808716,1.4476094245910645,1.8165429830551147,1.7840734720230103,1.4218612909317017,2.5998082160949707,1.6748014688491821,1.4139318466186523,2.467247486114502,1.2725000381469727,2.645862102508545,1.8757710456848145,2.6818630695343018,2.111762046813965,1.5807793140411377,2.1110079288482666,2.77354097366333,1.393934965133667,1.408463954925537,1.9778648614883423,3.038721799850464,1.63505220413208,1.4957808256149292,2.0713798999786377,0.27056363224983215,0.26986655592918396,0.2639999985694885,0.2290000021457672,0.5051302313804626,0.5051302313804626,0.5067087411880493,0.5003946423530579,0.5979325175285339,0.5979325175285339,0.5889999866485596,0.4950000047683716,0.418628454208374,0.418628454208374,0.4099999964237213,0.328000009059906,0.28200000524520874,0.26600000262260437,0.23199999332427979,0.21799999475479126,0.2841932773590088,0.2841932773590088,0.2923832833766937,0.19328419864177704,0.5458715558052063,0.5483180284500122,0.4440000057220459,0.6380000114440918,0.6200000047683716,0.6200000047683716,0.4263157844543457,0.4263157844543457,0.39649122953414917,0.2438596487045288,0.19397993385791779,0.19397993385791779,0.227424755692482,0.2541806101799011,0.6230000257492065,0.6259999871253967,0.22933445870876312,0.2462768852710724,0.2881287634372711,0.2551358640193939,0.2722007632255554,0.23442137241363525,0.24744103848934174,0.2501542270183563,0.24314558506011963,0.22429905831813812,0.2313942164182663,0.24788732826709747,0.24766667187213898,0.0008283024360164126,0.000972728518721015,524288
1258291200,2395020437.3827586,9.72201919555664,10.073006629943848,9.80745792388916,8.809563636779785,9.857473373413086,6.58235502243042,9.686361312866211,9.468071937561035,9.648205757141113,8.53113842010498,9.674701690673828,1.4612499475479126,1.3783828020095825,1.6839061975479126,1.0825904607772827,1.0607109069824219,2.442359447479248,1.64997136592865,1.7478017807006836,1.447658658027649,2.281296968460083,1.8689374923706055,2.3071718215942383,1.8604059219360352,0.4949609339237213,1.2805469036102295,1.8597617149353027,1.8381783962249756,1.4232524633407593,2.3865268230438232,1.726098656654358,1.4057143926620483,2.3871238231658936,1.2571094036102295,2.70908522605896,1.7865638732910156,2.692023754119873,2.0505592823028564,1.5432050228118896,2.0750625133514404,2.783658266067505,1.3871729373931885,1.4213037490844727,1.9962085485458374,3.072448253631592,1.6350483894348145,1.5187835693359375,2.116945505142212,0.27404898405075073,0.27335190773010254,0.2680000066757202,0.25,0.4830307960510254,0.4830307960510254,0.5098658204078674,0.49723756313323975,0.5963003039360046,0.592491865158081,0.5770000219345093,0.4659999907016754,0.4114636778831482,0.4114636778831482,0.4009999930858612,0.3269999921321869,0.26600000262260437,0.28200000524520874,0.23999999463558197,0.257999986410141,0.2661752700805664,0.2661752700805664,0.3054873049259186,0.19656018912792206,0.6024464964866638,0.5996941924095154,0.49900001287460327,0.6370000243186951,0.6000000238418579,0.6000000238418579,0.4228070080280304,0.4228070080280304,0.3947368562221527,0.2684210538864136,0.21739129722118378,0.21739129722118378,0.21739129722118378,0.27424749732017517,0.6510000228881836,0.6489999890327454,0.235693097114563,0.24572531878948212,0.2756539285182953,0.2627567946910858,0.2509652376174927,0.25816023349761963,0.24343569576740265,0.2578655183315277,0.24420829117298126,0.26791277527809143,0.2645433843135834,0.2535211145877838,0.23933333158493042,0.0007975351200014698,0.000972728518721015,524288
1363148800,2594605473.8313217,9.744988441467285,10.091317176818848,9.830061912536621,8.817325592041016,9.869912147521973,6.585622310638428,9.715909004211426,9.465471267700195,9.645220756530762,8.536494255065918,9.76789665222168,1.436086654663086,1.365384817123413,1.4649882316589355,1.0726386308670044,1.0531367063522339,2.331730365753174,1.6576820611953735,1.7126131057739258,1.213884949684143,2.2250702381134033,1.8730937242507935,2.2276484966278076,1.6163429021835327,0.5396093726158142,1.2201093435287476,1.6981093883514404,1.7297559976577759,1.3791530132293701,2.308525323867798,1.648254632949829,1.3908209800720215,2.2836930751800537,1.2266796827316284,2.6320669651031494,1.7688449621200562,2.71750545501709,2.0187137126922607,1.5383086204528809,1.995134711265564,2.680565357208252,1.3720675706863403,1.3841115236282349,1.9210788011550903,2.930180311203003,1.622107982635498,1.4775651693344116,2.0179686546325684,0.27325233817100525,0.2728540003299713,0.2759999930858612,0.25,0.4956590235233307,0.4956590235233307,0.49960535764694214,0.5027624368667603,0.5914037227630615,0.5941240191459656,0.5720000267028809,0.4909999966621399,0.4140225052833557,0.4140225052833557,0.37700000405311584,0.3269999921321869,0.2759999930858612,0.2759999930858612,0.23999999463558197,0.24199999868869781,0.2825552821159363,0.2825552821159363,0.3284193277359009,0.20147420465946198,0.5883792042732239,0.5877676010131836,0.5139999985694885,0.6349999904632568,0.5899999737739563,0.5899999737739563,0.42807018756866455,0.42807018756866455,0.4140350818634033,0.24561403691768646,0.20066890120506287,0.20066890120506287,0.21739129722118378,0.21739129722118378,0.656000018119812,0.6579999923706055,0.24671471118927002,0.23883067071437836,0.3078470826148987,0.2654075622558594,0.26833978295326233,0.24629080295562744,0.24076546728610992,0.254472553730011,0.24612115323543549,0.2585669755935669,0.2596684992313385,0.25070422887802124,0.2160000056028366,0.000764591730714478,0.000972728518721015,524288
1468006400,2794190510.279885,9.777742385864258,10.13477611541748,9.868603706359863,8.8441162109375,9.888148307800293,6.51322603225708,9.754571914672852,9.413607597351074,9.668251037597656,8.541190147399902,9.824210166931152,1.4340602159500122,1.3546172380447388,1.3830780982971191,1.065836787223816,1.0416347980499268,2.3833789825439453,1.6337621212005615,1.71456778049469,1.2170172929763794,2.283468723297119,1.8472422361373901,2.1992733478546143,2.3243632316589355,0.5430341958999634,1.7523925304412842,1.80531644821167,1.8051055669784546,1.3620100021362305,2.404228448867798,1.702406406402588,1.380395531654358,2.3036162853240967,1.2314844131469727,2.7049388885498047,1.765791416168213,2.72609543800354,2.080937623977661,1.557455062866211,2.15830659866333,2.6908211708068848,1.352940320968628,1.3836263418197632,1.904819130897522,2.959714412689209,1.5993454456329346,1.4982380867004395,2.0298855304718018,0.277633935213089,0.27793267369270325,0.2680000066757202,0.2409999966621399,0.5082873106002808,0.5082873106002808,0.507498025894165,0.4956590235233307,0.6066376566886902,0.6039173007011414,0.5910000205039978,0.48100000619888306,0.4058341979980469,0.4058341979980469,0.3930000066757202,0.3269999921321869,0.27000001072883606,0.2980000078678131,0.24199999868869781,0.24199999868869781,0.2825552821159363,0.2825552821159363,0.31859132647514343,0.20311219990253448,0.6165137887001038,0.6140672564506531,0.5809999704360962,0.6380000114440918,0.6200000047683716,0.6200000047683716,0.449122816324234,0.449122816324234,0.4456140398979187,0.27719298005104065,0.19397993385791779,0.19397993385791779,0.21739129722118378,0.2508361339569092,0.6549999713897705,0.652999997138977,0.24968206882476807,0.2344180941581726,0.29979878664016724,0.25314778089523315,0.24903474748134613,0.2700296640396118,0.23987539112567902,0.25601479411125183,0.24229542911052704,0.2585669755935669,0.2664933502674103,0.2619718313217163,0.24199999868869781,0.0007297453265410874,0.000972728518721015,524288
1572864000,2993775546.728448,9.69558048248291,10.061362266540527,9.792008399963379,8.794264793395996,9.810775756835938,6.497701168060303,9.689371109008789,9.444583892822266,9.590625762939453,8.501842498779297,9.772953033447266,1.4170399904251099,1.350085973739624,1.5074687004089355,1.054474115371704,1.0313652753829956,2.210683584213257,1.6125119924545288,1.6970405578613281,1.259239912033081,2.2741875648498535,1.8936171531677246,2.1116249561309814,2.0301122665405273,0.5151914358139038,1.2658222913742065,1.7658886909484863,1.7695380449295044,1.3649088144302368,2.225534439086914,1.671652913093567,1.3595317602157593,2.294712781906128,1.2182421684265137,2.710134506225586,1.788022756576538,2.8115081787109375,2.0628879070281982,1.5581035614013672,1.6831562519073486,2.6721062660217285,1.3461660146713257,1.3682588338851929,1.8996022939682007,2.9572625160217285,1.635923147201538,1.4850763082504272,2.0374338626861572,0.2801234722137451,0.280920147895813,0.27900001406669617,0.23800000548362732,0.5059195160865784,0.5059195160865784,0.5082873106002808,0.5106551051139832,0.616974949836731,0.6082698702812195,0.5889999866485596,0.49000000953674316,0.4135107398033142,0.4135107398033142,0.3919999897480011,0.34299999475479126,0.28999999165534973,0.28600001335144043,0.2460000067949295,0.2639999985694885,0.27764126658439636,0.27764126658439636,0.30384930968284607,0.2096642106771469,0.6207951307296753,0.621100902557373,0.609000027179718,0.6050000190734863,0.5899999737739563,0.5899999737739563,0.44385963678359985,0.44385963678359985,0.43157893419265747,0.20701754093170166,0.2107023447751999,0.2107023447751999,0.20735785365104675,0.2675585150718689,0.6579999923706055,0.6579999923706055,0.25392115116119385,0.24020959436893463,0.28692153096199036,0.2776673436164856,0.26833978295326233,0.25816023349761963,0.25500667095184326,0.26403453946113586,0.2501594126224518,0.2616822421550751,0.2928176820278168,0.2535211145877838,0.2446666657924652,0.000693284739416179,0.000972728518721015,524288
1677721600,3193360583.177011,9.756577491760254,10.133310317993164,9.850801467895508,8.82603645324707,9.854116439819336,6.531086444854736,9.756823539733887,9.434173583984375,9.648482322692871,8.542954444885254,9.770440101623535,1.4602967500686646,1.3477128744125366,1.4513906240463257,1.0514042377471924,1.0297108888626099,2.373828172683716,1.6421064138412476,1.709816813468933,1.3024214506149292,2.2962656021118164,1.829742193222046,2.156601667404175,2.466867446899414,0.6259355545043945,1.234195351600647,1.8117148876190186,1.8315446376800537,1.3441457748413086,2.1845874786376953,1.703752040863037,1.3348008394241333,2.2964961528778076,1.211484432220459,2.7823410034179688,1.7662808895111084,2.779602289199829,2.134899616241455,1.5457793474197388,1.7652812004089355,2.6392955780029297,1.370229721069336,1.3631139993667603,1.9125078916549683,2.8709781169891357,1.6596359014511108,1.4989742040634155,2.060370922088623,0.28380799293518066,0.28400716185569763,0.2680000066757202,0.2460000067949295,0.5098658204078674,0.5098658204078674,0.5067087411880493,0.4956590235233307,0.6044613718986511,0.5990206599235535,0.5839999914169312,0.5070000290870667,0.4094165861606598,0.4094165861606598,0.3919999897480011,0.3269999921321869,0.26600000262260437,0.2980000078678131,0.24400000274181366,0.24199999868869781,0.2719082832336426,0.2719082832336426,0.32514333724975586,0.2080262154340744,0.6030580997467041,0.6027522683143616,0.5979999899864197,0.6259999871253967,0.6299999952316284,0.6299999952316284,0.4385964870452881,0.4385964870452881,0.43157893419265747,0.23859648406505585,0.22073578834533691,0.22073578834533691,0.22408026456832886,0.20735785365104675,0.6610000133514404,0.6610000133514404,0.24459517002105713,0.24931053817272186,0.2857142984867096,0.26739561557769775,0.2528957426548004,0.25816023349761963,0.24655096232891083,0.2513880431652069,0.25143465399742126,0.28037384152412415,0.27656808495521545,0.2450704276561737,0.24133333563804626,0.0006555121807780921,0.000972728518721015,524288
1782579200,3392945619.6255746,9.677229881286621,10.051809310913086,9.771944999694824,8.753434181213379,9.780834197998047,6.466612815856934,9.688961029052734,9.390426635742188,9.613454818725586,8.473666191101074,9.719998359680176,1.4164279699325562,1.3300976753234863,1.5067851543426514,1.0451242923736572,1.022955060005188,2.3149237632751465,1.627193570137024,1.6933562755584717,1.3285627365112305,2.326054573059082,1.8475937843322754,2.396507740020752,1.7625675201416016,0.5653374195098877,1.5149980783462524,1.8690234422683716,1.8420367240905762,1.3237664699554443,2.356825590133667,1.709017038345337,1.3409607410430908,2.3332724571228027,1.2008984088897705,2.781320333480835,1.7785913944244385,2.7451019287109375,2.129887819290161,1.5341992378234863,2.180527448654175,2.7080729007720947,1.3579591512680054,1.3685154914855957,1.9123427867889404,3.0153815746307373,1.6211615800857544,1.5020689964294434,2.07729434967041,0.2837084233760834,0.28331008553504944,0.2680000066757202,0.23999999463558197,0.5090765357017517,0.5090765357017517,0.5130228996276855,0.4956590235233307,0.6164308786392212,0.6104461550712585,0.5929999947547913,0.5040000081062317,0.4068577289581299,0.4068577289581299,0.4000000059604645,0.3269999921321869,0.27000001072883606,0.2919999957084656,0.23199999332427979,0.2460000067949295,0.2702702581882477,0.2702702581882477,0.3161343038082123,0.19819819927215576,0.5957186818122864,0.5993883609771729,0.5529999732971191,0.6380000114440918,0.5899999737739563,0.5899999737739563,0.44035089015960693,0.44035089015960693,0.4543859660625458,0.22807016968727112,0.21404682099819183,0.21404682099819183,0.22408026456832886,0.25752508640289307,0.6710000038146973,0.6700000166893005,0.24586689472198486,0.2382790893316269,0.29537224769592285,0.2710404098033905,0.2432432472705841,0.28486648201942444,0.2429906576871872,0.25416409969329834,0.24505844712257385,0.26479750871658325,0.2772180736064911,0.2535211145877838,0.2523333430290222,0.0006167407366239517,0.000972728518721015,524288
1887436800,3592530656.0741377,9.711122512817383,10.066396713256836,9.811004638671875,8.75403881072998,9.837660789489746,6.441268444061279,9.684036254882812,9.448446273803711,9.625205039978027,8.475882530212402,9.709646224975586,1.4162260293960571,1.327001929283142,1.3468632698059082,1.0405397415161133,1.01893949508667,2.353607416152954,1.622746229171753,1.6758521795272827,1.199002981185913,2.263984441757202,1.8613359928131104,2.1834218502044678,1.835129976272583,0.6366997361183167,1.2470800876617432,1.7933945655822754,1.8019667863845825,1.3284317255020142,2.5521039962768555,1.6929608583450317,1.3456312417984009,2.5023908615112305,1.1839452981948853,2.7520411014556885,1.7999718189239502,2.874110698699951,2.0685513019561768,1.5499863624572754,1.9060508012771606,2.6571974754333496,1.3266515731811523,1.364605188369751,1.8628575801849365,2.985117197036743,1.5799763202667236,1.4929524660110474,2.0415053367614746,0.2849034070968628,0.2849034070968628,0.28299999237060547,0.2280000001192093,0.5209155678749084,0.5209155678749084,0.5090765357017517,0.5090765357017517,0.6082698702812195,0.609358012676239,0.5770000219345093,0.4790000021457672,0.4114636778831482,0.4114636778831482,0.4090000092983246,0.33500000834465027,0.2939999997615814,0.28999999165534973,0.23999999463558197,0.23800000548362732,0.28665030002593994,0.28665030002593994,0.33251434564590454,0.2080262154340744,0.6042813658714294,0.6061162352561951,0.6240000128746033,0.5649999976158142,0.5899999737739563,0.5899999737739563,0.4421052634716034,0.4421052634716034,0.44035089015960693,0.20877192914485931,0.20735785365104675,0.20735785365104675,0.22408026456832886,0.28762543201446533,0.6880000233650208,0.6909999847412109,0.2530733346939087,0.23965802788734436,0.27847081422805786,0.25248509645462036,0.2471042424440384,0.2818991243839264,0.25011125206947327,0.24892042577266693,0.24357067048549652,0.2866043746471405,0.2954176068305969,0.23380281031131744,0.25566667318344116,0.0005772917724288711,0.000972728518721015,524288
1992294400,3792115692.522701,9.694363594055176,10.070759773254395,9.789029121398926,8.758536338806152,9.805258750915527,6.3797125816345215,9.705211639404297,9.389433860778809,9.613709449768066,8.45152759552002,9.770930290222168,1.4100297689437866,1.3170957565307617,1.3373075723648071,1.0370837450027466,1.0201367139816284,2.195882797241211,1.6324610710144043,1.715321660041809,1.2667503356933594,2.2772421836853027,1.8349844217300415,2.260929584503174,1.8840118646621704,0.7577929496765137,2.0892646312713623,1.7873241901397705,1.7910395860671997,1.3108227252960205,2.2975053787231445,1.6930915117263794,1.3289350271224976,2.2849864959716797,1.1924219131469727,2.7471847534179688,1.7313357591629028,2.8727798461914062,2.088620185852051,1.5096933841705322,1.8659961223602295,2.63010835647583,1.301361083984375,1.3374509811401367,1.8484454154968262,2.970672607421875,1.5699995756149292,1.4714391231536865,2.025825262069702,0.2842063307762146,0.28440549969673157,0.27300000190734863,0.26499998569488525,0.5169692039489746,0.5169692039489746,0.5067087411880493,0.507498025894165,0.6126224398612976,0.6099020838737488,0.5960000157356262,0.5019999742507935,0.4150460660457611,0.4150460660457611,0.40700000524520874,0.34299999475479126,0.27399998903274536,0.27399998903274536,0.2540000081062317,0.2680000066757202,0.2784602642059326,0.2784602642059326,0.3366093337535858,0.2203112244606018,0.5792049169540405,0.5847094655036926,0.578000009059906,0.6290000081062317,0.6399999856948853,0.6399999856948853,0.4649122953414917,0.4649122953414917,0.4578947424888611,0.2666666805744171,0.20735785365104675,0.20735785365104675,0.19732441008090973,0.23745819926261902,0.6899999976158142,0.6899999976158142,0.254768967628479,0.23579701781272888,0.2941649854183197,0.25878065824508667,0.2471042424440384,0.2611275911331177,0.2323097437620163,0.2702035903930664,0.2497343271970749,0.28037384152412415,0.2824179530143738,0.24225352704524994,0.25200000405311584,0.0005374922694389159,0.000972728518721015,524288
2097152000,3991700728.971264,9.688176155090332,10.050951957702637,9.781497955322266,8.752949714660645,9.805329322814941,6.409529209136963,9.686461448669434,9.423210144042969,9.618057250976562,8.465150833129883,9.726875305175781,1.4084336757659912,1.3143398761749268,1.4014697074890137,1.0366237163543701,1.0187792778015137,2.2013866901397705,1.625379204750061,1.6900080442428589,1.1903318166732788,2.2847344875335693,1.8068984746932983,2.2591795921325684,2.5912258625030518,0.6209091544151306,1.784835934638977,1.7684296369552612,1.777895450592041,1.2805852890014648,2.3494105339050293,1.6672828197479248,1.3094364404678345,2.36421537399292,1.1834179162979126,2.753525495529175,1.7417556047439575,2.787626028060913,2.0841922760009766,1.4796680212020874,1.9574882984161377,2.5851471424102783,1.3040261268615723,1.337387204170227,1.8396897315979004,2.8708624839782715,1.5571458339691162,1.4703264236450195,1.9939645528793335,0.2861979603767395,0.28520214557647705,0.2750000059604645,0.24400000274181366,0.5146014094352722,0.5146014094352722,0.5059195160865784,0.5153906941413879,0.6224156618118286,0.6158868074417114,0.6060000061988831,0.4959999918937683,0.42323440313339233,0.42323440313339233,0.4050000011920929,0.32899999618530273,0.28600001335144043,0.28600001335144043,0.23600000143051147,0.24400000274181366,0.2735462784767151,0.2735462784767151,0.3276003301143646,0.1957411915063858,0.5938838124275208,0.589908242225647,0.5730000138282776,0.6330000162124634,0.5799999833106995,0.5799999833106995,0.46666666865348816,0.46666666865348816,0.4578947424888611,0.20877192914485931,0.20735785365104675,0.20735785365104675,0.22408026456832886,0.27424749732017517,0.6819999814033508,0.6850000023841858,0.24968206882476807,0.24269166588783264,0.3002012073993683,0.2862823009490967,0.2567567527294159,0.2967359125614166,0.24699600040912628,0.2467612624168396,0.24229542911052704,0.2585669755935669,0.2967175841331482,0.21408450603485107,0.25966668128967285,0.0004976721144165396,0.000972728518721015,524288
2202009600,4191285765.419827,9.687139511108398,10.050314903259277,9.782074928283691,8.74433708190918,9.799641609191895,6.453315258026123,9.67912483215332,9.421121597290039,9.596522331237793,8.460237503051758,9.730576515197754,1.3979604244232178,1.316173791885376,1.4097988605499268,1.0299595594406128,1.0096659660339355,2.203624963760376,1.5961039066314697,1.6829416751861572,1.209283471107483,2.2085859775543213,1.8063515424728394,2.1811094284057617,2.330389976501465,0.5366484522819519,1.2644238471984863,1.6993848085403442,1.7160429954528809,1.2707356214523315,2.2669270038604736,1.627090334892273,1.2992266416549683,2.1484897136688232,1.1794922351837158,2.655968427658081,1.7431185245513916,2.647388219833374,2.0020651817321777,1.4822949171066284,1.7221875190734863,2.551299810409546,1.291604995727539,1.306606650352478,1.7948979139328003,2.825502634048462,1.556889533996582,1.430417776107788,1.9463468790054321,0.2901812493801117,0.28978291153907776,0.26899999380111694,0.25999999046325684,0.5122336149215698,0.5122336149215698,0.5130228996276855,0.5051302313804626,0.6131665110588074,0.6104461550712585,0.5910000205039978,0.49799999594688416,0.4160695970058441,0.4160695970058441,0.4020000100135803,0.3400000035762787,0.27399998903274536,0.27399998903274536,0.23399999737739563,0.2540000081062317,0.28337427973747253,0.28337427973747253,0.3407043516635895,0.19492219388484955,0.5724770426750183,0.5666666626930237,0.5680000185966492,0.6290000081062317,0.5899999737739563,0.5899999737739563,0.4736842215061188,0.4736842215061188,0.4614035189151764,0.26491227746009827,0.21739129722118378,0.21739129722118378,0.20066890120506287,0.2709030210971832,0.7009999752044678,0.7059999704360962,0.25392115116119385,0.2440706044435501,0.29054325819015503,0.2789927124977112,0.26061776280403137,0.25816023349761963,0.2505562901496887,0.26002466678619385,0.2516471743583679,0.2585669755935669,0.25024375319480896,0.21408450603485107,0.25466665625572205,0.00045816136530301896,0.000972728518721015,524288
2306867200,4390870801.86839,9.612786293029785,9.967812538146973,9.709067344665527,8.669189453125,9.73073673248291,6.380964756011963,9.59531021118164,9.32174015045166,9.522765159606934,8.39387035369873,9.588761329650879,1.3917779922485352,1.3156445026397705,1.2150527238845825,1.026400089263916,0.9999589920043945,2.160038948059082,1.5950648784637451,1.656209945678711,1.236682653427124,2.2255780696868896,1.7733047008514404,2.1923749446868896,2.1190736293792725,0.4793984293937683,1.1798896789550781,1.7546542882919312,1.7526350021362305,1.2559621334075928,2.260862112045288,1.6661919355392456,1.2829679250717163,2.2221858501434326,1.181093692779541,2.737865447998047,1.6767218112945557,2.7795863151550293,2.063575506210327,1.4476425647735596,2.0064570903778076,2.5672545433044434,1.2761610746383667,1.2934613227844238,1.791550874710083,2.899837017059326,1.536400556564331,1.424581527709961,1.9378025531768799,0.2913762331008911,0.2914758026599884,0.28999999165534973,0.2590000033378601,0.5224940776824951,0.5224940776824951,0.5122336149215698,0.4964483082294464,0.6120783686637878,0.6109902262687683,0.6079999804496765,0.47999998927116394,0.4114636778831482,0.4114636778831482,0.41499999165534973,0.3269999921321869,0.2720000147819519,0.27799999713897705,0.2540000081062317,0.23999999463558197,0.28665030002593994,0.28665030002593994,0.3505323529243469,0.1941031962633133,0.6045871376991272,0.6024464964866638,0.5899999737739563,0.6320000290870667,0.6299999952316284,0.6299999952316284,0.45087718963623047,0.45087718963623047,0.4649122953414917,0.2684210538864136,0.22073578834533691,0.22073578834533691,0.2107023447751999,0.25752508640289307,0.6970000267028809,0.6990000009536743,0.2585841417312622,0.24572531878948212,0.2881287634372711,0.2700463831424713,0.26833978295326233,0.2492581605911255,0.24165554344654083,0.2631091773509979,0.24420829117298126,0.24922119081020355,0.24276892840862274,0.2450704276561737,0.2540000081062317,0.00041928751546203857,0.000972728518721015,524288
2411724800,4590455838.316954,9.604165077209473,9.973311424255371,9.702652931213379,8.657547950744629,9.742201805114746,6.3581223487854,9.59445858001709,9.356328964233398,9.514046669006348,8.374606132507324,9.598889350891113,1.3833109140396118,1.297460913658142,1.6167070865631104,1.022933006286621,1.0015859603881836,2.1636719703674316,1.5932998657226562,1.6783695220947266,1.5292121171951294,2.2206406593322754,1.782296895980835,2.2026093006134033,2.0948710441589355,0.5749340653419495,1.1341582536697388,1.723324179649353,1.7313321828842163,1.2675302028656006,2.2544546127319336,1.6346871852874756,1.2898006439208984,2.2129886150360107,1.1775000095367432,2.6850109100341797,1.7293682098388672,2.691316604614258,1.9992963075637817,1.477474570274353,1.9416249990463257,2.5441882610321045,1.2734946012496948,1.3051776885986328,1.7884962558746338,2.830808162689209,1.5087287425994873,1.4236658811569214,1.9242463111877441,0.29257118701934814,0.2928699553012848,0.28999999165534973,0.24899999797344208,0.5272296667098999,0.5272296667098999,0.5264403820037842,0.4956590235233307,0.6251360177993774,0.6175190210342407,0.597000002861023,0.503000020980835,0.4109518826007843,0.4109518826007843,0.41200000047683716,0.3319999873638153,0.27399998903274536,0.2840000092983246,0.23600000143051147,0.24199999868869781,0.27927929162979126,0.27927929162979126,0.33742833137512207,0.19819819927215576,0.5816513895988464,0.5724770426750183,0.6299999952316284,0.6320000290870667,0.6299999952316284,0.6299999952316284,0.44385963678359985,0.44385963678359985,0.45087718963623047,0.24210526049137115,0.22073578834533691,0.22073578834533691,0.20735785365104675,0.26421403884887695,0.6949999928474426,0.6949999928474426,0.24586689472198486,0.2440706044435501,0.28692153096199036,0.276673287153244,0.25482624769210815,0.29080119729042053,0.244770810008049,0.25169649720191956,0.2544102072715759,0.2585669755935669,0.27461814880371094,0.24225352704524994,0.25600001215934753,0.00038137277918032925,0.000972728518721015,524288
2516582400,4790040874.765517,9.586697578430176,9.943337440490723,9.684885025024414,8.645315170288086,9.712091445922852,6.375019073486328,9.573129653930664,9.33823013305664,9.484357833862305,8.382001876831055,9.576297760009766,1.3938989639282227,1.3008241653442383,1.357967734336853,1.0208197832107544,0.9966874718666077,2.322300672531128,1.6026893854141235,1.6891956329345703,1.2366719245910645,2.2548203468322754,1.7802578210830688,2.4233944416046143,2.2748398780822754,0.5335966944694519,1.1298027038574219,1.731109380722046,1.752885103225708,1.2687362432479858,2.3404126167297363,1.6594573259353638,1.29127037525177,2.281550407409668,1.1701171398162842,2.717355251312256,1.673317790031433,2.557182788848877,2.060706853866577,1.4764374494552612,1.7989413738250732,2.5396318435668945,1.2866132259368896,1.3084728717803955,1.795593500137329,2.8209452629089355,1.555539608001709,1.4458167552947998,1.963820457458496,0.2921728789806366,0.29316869378089905,0.27799999713897705,0.23600000143051147,0.5130228996276855,0.5130228996276855,0.5106551051139832,0.5130228996276855,0.6202393770217896,0.6158868074417114,0.6010000109672546,0.4970000088214874,0.4042988717556,0.4042988717556,0.40299999713897705,0.34200000762939453,0.2800000011920929,0.2879999876022339,0.24799999594688416,0.24799999594688416,0.2858312726020813,0.2858312726020813,0.345618337392807,0.20884521305561066,0.590519905090332,0.5896024703979492,0.6050000190734863,0.621999979019165,0.6000000238418579,0.6000000238418579,0.47894737124443054,0.47894737124443054,0.45614033937454224,0.20877192914485931,0.21404682099819183,0.21404682099819183,0.21739129722118378,0.2508361339569092,0.703000009059906,0.7059999704360962,0.25222551822662354,0.2471042424440384,0.2812877297401428,0.2833001911640167,0.27413126826286316,0.29080119729042053,0.23765020072460175,0.25694015622138977,0.2510095536708832,0.27725857496261597,0.3002924919128418,0.20845070481300354,0.2616666555404663,0.0003447314209250723,0.000972728518721015,524288
2621440000,4989625911.21408,9.608558654785156,9.969388961791992,9.706205368041992,8.639774322509766,9.735084533691406,6.34475040435791,9.581358909606934,9.32192611694336,9.486491203308105,8.37707805633545,9.5602445602417,1.3769116401672363,1.2919179201126099,1.3461425304412842,1.0127075910568237,0.9850956797599792,2.1433749198913574,1.5819958448410034,1.6587765216827393,1.1692204475402832,2.2368438243865967,1.7991172075271606,2.2417969703674316,2.269409418106079,0.6063274145126343,1.4261674880981445,1.7041914463043213,1.7098684310913086,1.234513759613037,2.270984172821045,1.6316823959350586,1.2721571922302246,2.3798208236694336,1.1635546684265137,2.6804873943328857,1.7106112241744995,2.9155564308166504,2.0275375843048096,1.4800957441329956,1.9728710651397705,2.548365592956543,1.2732726335525513,1.298718810081482,1.7766026258468628,2.8458125591278076,1.5259298086166382,1.4324636459350586,1.9291703701019287,0.29247161746025085,0.2913762331008911,0.27799999713897705,0.25099998712539673,0.519336998462677,0.519336998462677,0.5161799788475037,0.5027624368667603,0.6164308786392212,0.6164308786392212,0.6050000190734863,0.492000013589859,0.4160695970058441,0.4160695970058441,0.4090000092983246,0.328000009059906,0.2720000147819519,0.2879999876022339,0.25200000405311584,0.23999999463558197,0.2891072928905487,0.2891072928905487,0.3439803421497345,0.19492219388484955,0.5813455581665039,0.5795106887817383,0.6159999966621399,0.6380000114440918,0.6100000143051147,0.6100000143051147,0.4614035189151764,0.4614035189151764,0.480701744556427,0.27368420362472534,0.2040133774280548,0.2040133774280548,0.20735785365104675,0.21739129722118378,0.6909999847412109,0.6909999847412109,0.24798643589019775,0.24572531878948212,0.2824949622154236,0.25281643867492676,0.23938223719596863,0.24629080295562744,0.23943035304546356,0.26711905002593994,0.23910732567310333,0.2928348779678345,0.23431913554668427,0.25915491580963135,0.2566666603088379,0.00030966715049510055,0.000972728518721015,524288
2726297600,5189210947.662643,9.623041152954102,9.98703670501709,9.721270561218262,8.639021873474121,9.752090454101562,6.341335296630859,9.598365783691406,9.34044075012207,9.495479583740234,8.372034072875977,9.550694465637207,1.387951374053955,1.292572259902954,1.4774941205978394,1.0136195421218872,0.9846718907356262,2.1377735137939453,1.589239478111267,1.65397310256958,1.2527486085891724,2.2782187461853027,1.7906640768051147,2.169664144515991,2.2638282775878906,0.5123691558837891,1.3791776895523071,1.7588359117507935,1.7459259033203125,1.2507846355438232,2.1988282203674316,1.6546103954315186,1.2794994115829468,2.206312656402588,1.1785156726837158,2.748137950897217,1.693879246711731,2.814467430114746,2.0577261447906494,1.461089849472046,1.9221464395523071,2.528132677078247,1.2800575494766235,1.3023700714111328,1.7742422819137573,2.793041706085205,1.5574588775634766,1.442524790763855,1.9280425310134888,0.2946624159812927,0.2941645085811615,0.2759999930858612,0.24500000476837158,0.5153906941413879,0.5153906941413879,0.5217047929763794,0.49486976861953735,0.61915123462677,0.6180630922317505,0.6010000109672546,0.5070000290870667,0.4145343005657196,0.4145343005657196,0.41499999165534973,0.33000001311302185,0.27399998903274536,0.2879999876022339,0.23199999332427979,0.24400000274181366,0.29320228099823,0.29320228099823,0.36036035418510437,0.19656018912792206,0.5525993704795837,0.5556575059890747,0.5910000205039978,0.6100000143051147,0.6000000238418579,0.6000000238418579,0.4614035189151764,0.4614035189151764,0.4684210419654846,0.2368421107530594,0.21404682099819183,0.21404682099819183,0.21739129722118378,0.23076923191547394,0.7120000123977661,0.7149999737739563,0.262823224067688,0.24655267596244812,0.28973841667175293,0.2703777253627777,0.2509652376174927,0.2818991243839264,0.24699600040912628,0.26002466678619385,0.2412327378988266,0.25233644247055054,0.289567768573761,0.2281690090894699,0.26366665959358215,0.00027647060565674103,0.000972728518721015,524288
2831155200,5388795984.111206,9.657612800598145,10.023037910461426,9.759230613708496,8.677870750427246,9.779753684997559,6.340083122253418,9.638138771057129,9.381375312805176,9.550347328186035,8.400574684143066,9.631156921386719,1.3864318132400513,1.2943788766860962,1.248645544052124,1.0108016729354858,0.9848710894584656,2.276691436767578,1.593509554862976,1.6589183807373047,1.1860510110855103,2.236570358276367,1.7598280906677246,2.1791954040527344,2.2723336219787598,0.48255860805511475,1.237316370010376,1.7334219217300415,1.723793864250183,1.2356771230697632,2.213479995727539,1.6387633085250854,1.2667027711868286,2.266500234603882,1.1651562452316284,2.6869592666625977,1.6501586437225342,2.612583875656128,2.06563663482666,1.466983437538147,1.837640643119812,2.5391016006469727,1.2684812545776367,1.2820407152175903,1.7563140392303467,2.843841314315796,1.5432590246200562,1.4283486604690552,1.9153114557266235,0.29386577010154724,0.29516032338142395,0.2770000100135803,0.23000000417232513,0.5169692039489746,0.5169692039489746,0.5280189514160156,0.5106551051139832,0.6278563737869263,0.6229597330093384,0.609000027179718,0.4790000021457672,0.4129989743232727,0.4129989743232727,0.4050000011920929,0.33000001311302185,0.29600000381469727,0.3100000023841858,0.24400000274181366,0.2460000067949295,0.28992629051208496,0.28992629051208496,0.34971335530281067,0.19000819325447083,0.5666666626930237,0.5626911520957947,0.5609999895095825,0.6119999885559082,0.6200000047683716,0.6200000047683716,0.4684210419654846,0.4684210419654846,0.4526315927505493,0.23859648406505585,0.22408026456832886,0.22408026456832886,0.21739129722118378,0.2107023447751999,0.703000009059906,0.7080000042915344,0.26324713230133057,0.24351902306079865,0.2881287634372711,0.277998685836792,0.24131274223327637,0.2937685549259186,0.2563417851924896,0.26064157485961914,0.24505844712257385,0.27725857496261597,0.28891777992248535,0.2281690090894699,0.2606666684150696,0.0002454169431300191,0.000972728518721015,524288
2936012800,5588381020.55977,9.57308578491211,9.945565223693848,9.673392295837402,8.61538314819336,9.693208694458008,6.300183296203613,9.555647850036621,9.286030769348145,9.462325096130371,8.338605880737305,9.56297492980957,1.381319522857666,1.289209008216858,1.196359395980835,1.0069705247879028,0.9823710918426514,2.180050849914551,1.5779215097427368,1.641446590423584,1.1670160293579102,2.312046766281128,1.7583671808242798,2.2151875495910645,2.707632064819336,0.5285810828208923,1.319881796836853,1.7958143949508667,1.7836965322494507,1.2290244102478027,2.2864789962768555,1.6800663471221924,1.258759617805481,2.273071765899658,1.1592187881469727,2.807023048400879,1.6553797721862793,2.7501823902130127,2.1206538677215576,1.4153447151184082,1.8743085861206055,2.5770277976989746,1.2689954042434692,1.2997703552246094,1.7583210468292236,2.9741408824920654,1.561934471130371,1.4579179286956787,1.9574934244155884,0.29864567518234253,0.29774945974349976,0.28200000524520874,0.2460000067949295,0.5280189514160156,0.5280189514160156,0.5240725874900818,0.5130228996276855,0.6218715906143188,0.6180630922317505,0.5989999771118164,0.4790000021457672,0.4104401171207428,0.4104401171207428,0.4180000126361847,0.32899999618530273,0.27799999713897705,0.3059999942779541,0.25600001215934753,0.24199999868869781,0.28501227498054504,0.28501227498054504,0.342342346906662,0.19492219388484955,0.5951070189476013,0.6003057956695557,0.6000000238418579,0.6380000114440918,0.6100000143051147,0.6100000143051147,0.4614035189151764,0.4614035189151764,0.4684210419654846,0.23508772253990173,0.23076923191547394,0.23076923191547394,0.20735785365104675,0.2675585150718689,0.7039999961853027,0.7059999704360962,0.25604069232940674,0.2537231147289276,0.28973841667175293,0.2577866017818451,0.26447877287864685,0.2433234453201294,0.2510013282299042,0.26064157485961914,0.24420829117298126,0.24922119081020355,0.244068905711174,0.23943662643432617,0.25466665625572205,0.00021676355789285298,0.000972728518721015,524288
3040870400,5787966057.008333,9.618118286132812,9.991890907287598,9.719992637634277,8.655137062072754,9.741580963134766,6.3190999031066895,9.603034019470215,9.340493202209473,9.506095886230469,8.368672370910645,9.567408561706543,1.386704921722412,1.2793632745742798,1.2539833784103394,1.0052517652511597,0.9790976643562317,2.219472646713257,1.5824213027954102,1.6576342582702637,1.1398510932922363,2.305140733718872,1.78432035446167,2.188828229904175,2.4164085388183594,0.564511239528656,1.644869089126587,1.7859413623809814,1.7692914009094238,1.224124550819397,2.2065651416778564,1.6685501337051392,1.2579365968704224,2.273855447769165,1.1508984565734863,2.8083155155181885,1.6926475763320923,2.7593002319335938,2.110208511352539,1.4272773265838623,2.058488368988037,2.5369763374328613,1.267704963684082,1.2940343618392944,1.7495107650756836,2.8749148845672607,1.5397073030471802,1.4483726024627686,1.9437389373779297,0.2969527840614319,0.2968532145023346,0.28200000524520874,0.23800000548362732,0.5272296667098999,0.5272296667098999,0.5169692039489746,0.5106551051139832,0.6207834482192993,0.6137105822563171,0.6019999980926514,0.4860000014305115,0.4135107398033142,0.4135107398033142,0.4169999957084656,0.32899999618530273,0.2759999930858612,0.3100000023841858,0.23800000548362732,0.23199999332427979,0.2768222689628601,0.2768222689628601,0.3382473289966583,0.19328419864177704,0.5871559381484985,0.5834862589836121,0.6140000224113464,0.6380000114440918,0.5899999737739563,0.5899999737739563,0.449122816324234,0.449122816324234,0.46315789222717285,0.24736842513084412,0.227424755692482,0.227424755692482,0.20735785365104675,0.24080267548561096,0.7059999704360962,0.7080000042915344,0.25010597705841064,0.2471042424440384,0.2949698269367218,0.27335983514785767,0.24131274223327637,0.2997032701969147,0.2567868232727051,0.26711905002593994,0.23591923713684082,0.2616822421550751,0.2794930040836334,0.25070422887802124,0.25433334708213806,0.00019074794970727716,0.000972728518721015,524288
3145728000,5987551093.456896,9.584321975708008,9.962825775146484,9.682313919067383,8.619523048400879,9.698354721069336,6.279808521270752,9.575224876403809,9.302289009094238,9.484723091125488,8.333433151245117,9.547731399536133,1.3705412149429321,1.2825039625167847,1.3266464471817017,1.0032166242599487,0.9788417816162109,2.165144443511963,1.5911601781845093,1.6724576950073242,1.202004313468933,2.276773452758789,1.7602266073226929,2.2046563625335693,2.626753568649292,0.5726445317268372,1.569366216659546,1.7883340120315552,1.76766037940979,1.2155290842056274,2.2166528701782227,1.666662335395813,1.2504963874816895,2.216411590576172,1.1494140625,2.793429374694824,1.6556037664413452,2.7044622898101807,2.098395824432373,1.4489189386367798,1.8664023876190186,2.5391571521759033,1.263091802597046,1.2914047241210938,1.7545244693756104,2.8905458450317383,1.5425766706466675,1.445132851600647,1.9395852088928223,0.2974507212638855,0.29725155234336853,0.28200000524520874,0.25699999928474426,0.5169692039489746,0.5169692039489746,0.5224940776824951,0.5098658204078674,0.6289445161819458,0.6218715906143188,0.609000027179718,0.4970000088214874,0.4155578315258026,0.4155578315258026,0.40799999237060547,0.328000009059906,0.28200000524520874,0.3019999861717224,0.25200000405311584,0.2280000001192093,0.28337427973747253,0.28337427973747253,0.3562653660774231,0.19164618849754333,0.5978593230247498,0.5948012471199036,0.6150000095367432,0.640999972820282,0.6100000143051147,0.6100000143051147,0.45614033937454224,0.45614033937454224,0.45964911580085754,0.2561403512954712,0.23745819926261902,0.23745819926261902,0.2107023447751999,0.27424749732017517,0.6970000267028809,0.6990000009536743,0.2513777017593384,0.25565361976623535,0.28692153096199036,0.2634194791316986,0.24517375230789185,0.29080119729042053,0.252781480550766,0.2745218873023987,0.24803400039672852,0.2710280418395996,0.24309392273426056,0.26478874683380127,0.24933333694934845,0.00016758575455145364,0.000972728518721015,524288
3250585600,6187136129.905459,9.582341194152832,9.945759773254395,9.68126106262207,8.617600440979004,9.714776039123535,6.269993782043457,9.55759048461914,9.273523330688477,9.479662895202637,8.32880973815918,9.511702537536621,1.3810644149780273,1.2759531736373901,1.2365643978118896,0.9989210367202759,0.9751288890838623,2.188710927963257,1.5865063667297363,1.6662037372589111,1.1486009359359741,2.268867254257202,1.7530781030654907,2.1573281288146973,2.2436366081237793,0.5618491172790527,1.2727479934692383,1.746808648109436,1.7513946294784546,1.2206157445907593,2.1758430004119873,1.6495610475540161,1.2464007139205933,2.2452445030212402,1.1489453315734863,2.759277820587158,1.6428452730178833,2.6661674976348877,2.0992014408111572,1.434419870376587,1.8861523866653442,2.5068485736846924,1.2608325481414795,1.2832295894622803,1.7451152801513672,2.858492851257324,1.5591894388198853,1.4343761205673218,1.9328235387802124,0.3009360730648041,0.30043816566467285,0.2849999964237213,0.24199999868869781,0.5256511569023132,0.5256511569023132,0.5201262831687927,0.5146014094352722,0.6245919466018677,0.6196953058242798,0.6119999885559082,0.49799999594688416,0.4135107398033142,0.4135107398033142,0.4099999964237213,0.3269999921321869,0.28999999165534973,0.3059999942779541,0.25,0.23000000417232513,0.2800982892513275,0.2800982892513275,0.3579033613204956,0.19492219388484955,0.5892966389656067,0.5889908075332642,0.6240000128746033,0.6380000114440918,0.6299999952316284,0.6299999952316284,0.4736842215061188,0.4736842215061188,0.4719298183917999,0.2526315748691559,0.21739129722118378,0.21739129722118378,0.21404682099819183,0.2541806101799011,0.7099999785423279,0.7110000252723694,0.25561678409576416,0.25399890542030334,0.290140837430954,0.26739561557769775,0.25482624769210815,0.26706230640411377,0.2554517090320587,0.2708204686641693,0.252072274684906,0.2834891080856323,0.2330191731452942,0.26478874683380127,0.25833332538604736,0.00014746895727436892,0.000972728518721015,524288
3355443200,6386721166.354022,9.535426139831543,9.904169082641602,9.636748313903809,8.568297386169434,9.677207946777344,6.250275611877441,9.514178276062012,9.267204284667969,9.404391288757324,8.30266284942627,9.48534107208252,1.3572826385498047,1.2696542739868164,1.2362167835235596,0.9986297488212585,0.9750996232032776,2.2395975589752197,1.6013590097427368,1.6934179067611694,1.1355409622192383,2.264914035797119,1.742617130279541,2.183093786239624,2.5219109058380127,0.6029760837554932,1.914282202720642,1.7630683183670044,1.7419270277023315,1.2061643600463867,2.2249724864959717,1.6449100971221924,1.2446435689926147,2.218122959136963,1.1426172256469727,2.7727527618408203,1.6583967208862305,2.6265676021575928,2.101142644882202,1.422769546508789,1.860113263130188,2.5370256900787354,1.2553919553756714,1.2824041843414307,1.7469760179519653,2.889091730117798,1.5501554012298584,1.433048963546753,1.930551290512085,0.2962557375431061,0.2973511219024658,0.28600001335144043,0.25600001215934753,0.5272296667098999,0.5272296667098999,0.5067087411880493,0.5067087411880493,0.6229597330093384,0.6153427362442017,0.6079999804496765,0.48500001430511475,0.4124872088432312,0.4124872088432312,0.4189999997615814,0.328000009059906,0.29600000381469727,0.30399999022483826,0.24400000274181366,0.24400000274181366,0.29156428575515747,0.29156428575515747,0.3472563326358795,0.19082719087600708,0.5868501663208008,0.5798165202140808,0.6230000257492065,0.6380000114440918,0.5899999737739563,0.5899999737739563,0.4736842215061188,0.4736842215061188,0.46666666865348816,0.224561408162117,0.23745819926261902,0.23745819926261902,0.2107023447751999,0.28762543201446533,0.7049999833106995,0.7099999785423279,0.2602797746658325,0.24986210465431213,0.29376256465911865,0.27998673915863037,0.24131274223327637,0.2759643793106079,0.25812193751335144,0.27051204442977905,0.2497343271970749,0.27725857496261597,0.24309392273426056,0.2732394337654114,0.25600001215934753,0.00013056430028801568,0.000972728518721015,524288
3460300800,6586306202.802586,9.560524940490723,9.92392349243164,9.662881851196289,8.596135139465332,9.687984466552734,6.261669635772705,9.543508529663086,9.278477668762207,9.445638656616211,8.318745613098145,9.526032447814941,1.358565330505371,1.2752578258514404,1.3112695217132568,0.9976508021354675,0.9755703210830688,2.1805782318115234,1.5874327421188354,1.658912181854248,1.2267597913742065,2.2892656326293945,1.7471171617507935,2.1681172847747803,2.5332939624786377,0.5662392377853394,1.4873056411743164,1.741861343383789,1.7494345903396606,1.2017732858657837,2.1781935691833496,1.654943585395813,1.2352306842803955,2.3177127838134766,1.1339843273162842,2.796337604522705,1.641882300376892,2.6454973220825195,2.0955331325531006,1.4201231002807617,1.9603320360183716,2.5543696880340576,1.2619378566741943,1.2838480472564697,1.7539699077606201,2.9437851905822754,1.5630995035171509,1.4377549886703491,1.946319341659546,0.2993427515029907,0.3000398278236389,0.27900001406669617,0.2460000067949295,0.5272296667098999,0.5272296667098999,0.5153906941413879,0.49960535764694214,0.6278563737869263,0.6245919466018677,0.6079999804496765,0.48399999737739563,0.4155578315258026,0.4155578315258026,0.4129999876022339,0.3269999921321869,0.28999999165534973,0.30000001192092896,0.25,0.23800000548362732,0.28992629051208496,0.28992629051208496,0.3546273410320282,0.1957411915063858,0.6058104038238525,0.6058104038238525,0.6330000162124634,0.6380000114440918,0.6100000143051147,0.6100000143051147,0.4649122953414917,0.4649122953414917,0.4771929681301117,0.2631579041481018,0.22408026456832886,0.22408026456832886,0.22073578834533691,0.284280925989151,0.7149999737739563,0.7149999737739563,0.2509537935256958,0.2520684003829956,0.28692153096199036,0.2697150409221649,0.2335907369852066,0.2818991243839264,0.252781480550766,0.2649599015712738,0.24867162108421326,0.26791277527809143,0.2401689887046814,0.25915491580963135,0.24833333492279053,0.00011701190148695703,0.000972728518721015,524288
3565158400,6785891239.251149,9.545855522155762,9.90969467163086,9.648266792297363,8.58502197265625,9.673186302185059,6.257723331451416,9.524726867675781,9.266697883605957,9.423056602478027,8.306817054748535,9.494597434997559,1.352281928062439,1.2687422037124634,1.2885361909866333,0.9962840676307678,0.973519504070282,2.1908514499664307,1.581779956817627,1.661682367324829,1.160607933998108,2.276296854019165,1.7396249771118164,2.11649227142334,2.6243979930877686,0.5488181114196777,1.345733404159546,1.75087308883667,1.7494175434112549,1.2034538984298706,2.150897741317749,1.651697039604187,1.2336760759353638,2.2023932933807373,1.1410937309265137,2.76918888092041,1.629782795906067,2.6263725757598877,2.112043857574463,1.4196045398712158,1.876070261001587,2.521505117416382,1.2534277439117432,1.2826086282730103,1.745377779006958,2.8774521350860596,1.5460342168807983,1.4344457387924194,1.9351507425308228,0.2989444434642792,0.2989444434642792,0.27799999713897705,0.2370000034570694,0.518547773361206,0.518547773361206,0.5256511569023132,0.5003946423530579,0.6278563737869263,0.6229597330093384,0.6079999804496765,0.4869999885559082,0.4165813624858856,0.4165813624858856,0.414000004529953,0.328000009059906,0.2939999997615814,0.3019999861717224,0.24400000274181366,0.24400000274181366,0.2940213084220886,0.2940213084220886,0.35872235894203186,0.19492219388484955,0.5972477197647095,0.5948012471199036,0.6320000290870667,0.6380000114440918,0.6000000238418579,0.6000000238418579,0.4719298183917999,0.4719298183917999,0.48596492409706116,0.23859648406505585,0.22408026456832886,0.22408026456832886,0.2107023447751999,0.28762543201446533,0.7089999914169312,0.7129999995231628,0.2573124170303345,0.2517926096916199,0.29295775294303894,0.2726971507072449,0.24903474748134613,0.3026706278324127,0.25322651863098145,0.26773595809936523,0.24952179193496704,0.26791277527809143,0.2560935914516449,0.2450704276561737,0.2516666650772095,0.0001069240928509438,0.000972728518721015,524288
3670016000,6985476275.699712,9.519675254821777,9.882036209106445,9.621977806091309,8.549348831176758,9.658418655395508,6.23403787612915,9.496807098388672,9.22799015045166,9.40278148651123,8.277958869934082,9.44316577911377,1.3454842567443848,1.2697851657867432,1.257568359375,0.9958494901657104,0.9724804759025574,2.148562431335449,1.580522060394287,1.6567047834396362,1.143005132675171,2.245710849761963,1.7383047342300415,2.1211483478546143,2.347342014312744,0.5219296813011169,1.3121435642242432,1.7156835794448853,1.7199766635894775,1.2096679210662842,2.1536457538604736,1.6305915117263794,1.2378305196762085,2.179243326187134,1.1429296731948853,2.752821683883667,1.6435682773590088,2.6297507286071777,2.069196939468384,1.4154609441757202,1.888335943222046,2.5132508277893066,1.250493049621582,1.2779076099395752,1.731042504310608,2.8522439002990723,1.5359820127487183,1.4176905155181885,1.9007537364959717,0.2987452745437622,0.29904401302337646,0.2800000011920929,0.25600001215934753,0.5256511569023132,0.5256511569023132,0.5161799788475037,0.5059195160865784,0.6207834482192993,0.6245919466018677,0.6000000238418579,0.47099998593330383,0.4155578315258026,0.4155578315258026,0.41499999165534973,0.3269999921321869,0.2840000092983246,0.3059999942779541,0.23999999463558197,0.257999986410141,0.2923832833766937,0.2923832833766937,0.35217034816741943,0.19492219388484955,0.6021406650543213,0.6058104038238525,0.6309999823570251,0.6380000114440918,0.6200000047683716,0.6200000047683716,0.4614035189151764,0.4614035189151764,0.48245614767074585,0.26140350103378296,0.23411370813846588,0.23411370813846588,0.21739129722118378,0.2709030210971832,0.7139999866485596,0.7179999947547913,0.25180160999298096,0.2517926096916199,0.2917504906654358,0.26772695779800415,0.24903474748134613,0.2759643793106079,0.2536715567111969,0.2553979158401489,0.2412327378988266,0.2616822421550751,0.2684432864189148,0.24788732826709747,0.25833332538604736,0.00010038448935707805,0.000972728518721015,524288
3774873600,7185061312.148275,9.514894485473633,9.884467124938965,9.618473052978516,8.551224708557129,9.642812728881836,6.23065185546875,9.497745513916016,9.232065200805664,9.39557933807373,8.276268005371094,9.454626083374023,1.3448593616485596,1.2729355096817017,1.2535370588302612,0.9947887659072876,0.9710586071014404,2.132128953933716,1.5858434438705444,1.6542860269546509,1.1757056713104248,2.2573516368865967,1.749664068222046,2.1541249752044678,2.532059907913208,0.5792334079742432,1.426660180091858,1.7374824285507202,1.733093500137329,1.2110334634780884,2.1713814735412598,1.6366795301437378,1.240351915359497,2.2066915035247803,1.1417187452316284,2.773507833480835,1.6507185697555542,2.660025119781494,2.093657970428467,1.4216142892837524,1.9903007745742798,2.5046651363372803,1.249996542930603,1.2753690481185913,1.732537031173706,2.866828441619873,1.5442695617675781,1.4233123064041138,1.916648268699646,0.30113524198532104,0.3003385663032532,0.2849999964237213,0.2540000081062317,0.5232833623886108,0.5232833623886108,0.5201262831687927,0.503551721572876,0.6322089433670044,0.6273123025894165,0.6029999852180481,0.49399998784065247,0.417604923248291,0.417604923248291,0.41600000858306885,0.3269999921321869,0.2840000092983246,0.30000001192092896,0.23800000548362732,0.25200000405311584,0.28992629051208496,0.28992629051208496,0.35217034816741943,0.1941031962633133,0.5993883609771729,0.6024464964866638,0.6299999952316284,0.6380000114440918,0.6000000238418579,0.6000000238418579,0.45964911580085754,0.45964911580085754,0.46315789222717285,0.26140350103378296,0.22408026456832886,0.22408026456832886,0.22073578834533691,0.2709030210971832,0.7239999771118164,0.7289999723434448,0.2505298852920532,0.24765582382678986,0.29698190093040466,0.2693836987018585,0.25482624769210815,0.2759643793106079,0.2510013282299042,0.2739050090312958,0.2416578084230423,0.28037384152412415,0.25024375319480896,0.2563380300998688,0.25600001215934753,9.744729591904593e-05,0.000972728518721015,524288
3812622336,7256911925.269758,9.536903381347656,9.90180492401123,9.638619422912598,8.576125144958496,9.650002479553223,6.249439239501953,9.522587776184082,9.249321937561035,9.414770126342773,8.29670238494873,9.46678352355957,1.3367259502410889,1.2709590196609497,1.2654961347579956,0.9944969415664673,0.9702773690223694,2.133117198944092,1.5810261964797974,1.665449857711792,1.1756486892700195,2.254148483276367,1.7387031316757202,2.1621251106262207,2.5905163288116455,0.5881354808807373,1.4146621227264404,1.7263027429580688,1.7155119180679321,1.1942554712295532,2.190734624862671,1.6287429332733154,1.2313505411148071,2.235995054244995,1.1409765481948853,2.7538869380950928,1.6593436002731323,2.655146360397339,2.0748164653778076,1.4224755764007568,1.947167992591858,2.4901623725891113,1.2411715984344482,1.2699402570724487,1.7229372262954712,2.845283269882202,1.524380087852478,1.4135525226593018,1.898228406906128,0.3022306263446808,0.30163314938545227,0.289000004529953,0.26499998569488525,0.530386745929718,0.530386745929718,0.5256511569023132,0.5051302313804626,0.6229597330093384,0.6245919466018677,0.6110000014305115,0.49300000071525574,0.4129989743232727,0.4129989743232727,0.4180000126361847,0.3269999921321869,0.28999999165534973,0.3059999942779541,0.24400000274181366,0.23800000548362732,0.29320228099823,0.29320228099823,0.3579033613204956,0.1941031962633133,0.594495415687561,0.594495415687561,0.628000020980835,0.6380000114440918,0.6000000238418579,0.6000000238418579,0.4649122953414917,0.4649122953414917,0.4649122953414917,0.26140350103378296,0.21404682099819183,0.21404682099819183,0.21739129722118378,0.27424749732017517,0.7229999899864197,0.7260000109672546,0.2505298852920532,0.2479315996170044,0.29336017370224,0.2717031240463257,0.26061776280403137,0.2700296640396118,0.2563417851924896,0.2689697742462158,0.24038256704807281,0.24922119081020355,0.25674358010292053,0.24225352704524994,0.2590000033378601,9.72728518721015e-05,0.000972728518721015,524288
